id,domain,status,purchase_price,renewal_price,attractiveness,demand,length,registrar,created_at,expires_at,status_verified_at
3a1373ca-1045-42e6-b232-58cc96093c7a,elects.army,available,18.99,39.99,medium,low,6,namesilo,,,21/09/2026 04:31
8181470e-9e2b-4223-bf8e-b95af5791cfe,tenanted.army,available,17.48,48.98,medium,low,8,namecheap,,,11/09/2026 11:09
f428454e-4ac1-4eb5-9895-cb467437f510,krakow.army,available,10.81,31.41,high,low,6,porkbun,,,01/10/2026 01:37
fd2b0bcb-bee0-468a-b913-c2eabb50712a,slovakian.army,available,17.48,48.98,medium,low,9,namecheap,,,10/09/2026 11:16
0e961816-c1a6-4522-90af-138c7b40ae75,heritage.army,available,10.92,32.21,high,medium,8,dynadot,,,28/09/2026 14:26
ecbc60d8-e19c-4ae5-930f-4638c8707ffc,herat.army,available,15.73,31.25,medium,low,5,spaceship,,,01/10/2026 19:57
43bb5aed-4387-453f-a0a3-52e755ad3e16,taal.army,available,17.48,48.98,medium,low,4,namecheap,,,
e4f8a343-0907-48dd-83b4-dea3a0137432,ministrant.army,available,17.48,48.98,medium,low,10,namecheap,,,24/08/2026 23:57
b20cfeb3-d2f2-4dd3-a51b-2fc3522a9947,symbolic.army,available,17.48,48.98,high,low,8,namecheap,,,16/08/2026 09:31
ec21de45-e427-4a3f-b5f9-408f302bcea6,dionysia.army,available,17.48,48.98,high,low,8,namecheap,,,21/09/2026 13:58
baef7b05-7977-41cb-84ac-1b2c6fe6cefd,hound.army,available,17.48,48.98,medium,low,5,namecheap,,,24/09/2026 02:24
62564f52-57af-46c1-a5fb-2b7549b082d5,prow.army,available,17.48,48.98,medium,low,4,namecheap,,,18/08/2026 11:28
c3ea95a1-7b03-4b53-88ff-9e24ec554592,acronymous.army,available,17.48,48.98,medium,low,10,namecheap,,,
a07230a1-951c-45a8-a63e-f77aef110f7a,benzocaine.army,available,17.48,48.98,medium,low,10,namecheap,,,23/09/2026 08:58
4e59e57d-e95f-4078-8aaf-39694caef47d,nsc.army,available,15.73,31.25,high,low,3,spaceship,,,29/09/2026 07:39
4898e733-e8e2-4b62-b013-fa6c84c83250,groton.army,available,15.73,31.25,medium,low,6,spaceship,,,29/09/2026 15:07
73095b5e-637a-45f4-ac59-42871b6ba0b3,cowpens.army,available,18.99,39.99,medium,low,7,namesilo,,,22/09/2026 14:56
af0a2b88-73d9-4b55-bf5b-a5122f0053b8,bootlicker.army,available,17.48,48.98,medium,low,10,namecheap,,,19/09/2026 21:12
1a1414f8-2971-4e7f-a515-71d312659f08,bankruptcy.army,available,18.99,39.99,high,low,10,namesilo,,,22/09/2026 02:50
cd511ab4-3f43-43a2-b661-d550cb45b358,itchy.army,available,17.48,48.98,medium,low,5,namecheap,,,05/08/2026 20:43
ef0746af-6fd5-4518-bdbb-f4119b419dee,governments.army,available,17.48,48.98,low,low,11,namecheap,,,28/09/2026 23:34
689827b9-9678-43dd-b98e-52a2c6f1316f,diaper.army,available,17.48,48.98,high,low,6,namecheap,,,03/09/2026 13:09
a05611a9-7bfc-47d8-a751-9e6b228d9962,xxix.army,available,17.48,48.98,medium,low,4,namecheap,,,
b768280b-8759-4c0a-b83c-c8ba32998552,scavenger.army,available,30.2,30.2,high,low,9,cloudflare,,,02/10/2026 16:18
64692c57-0ce4-4f9a-939e-85afb5124298,excitedly.army,available,17.48,48.98,medium,low,9,namecheap,,,14/09/2026 16:52
a54a43b2-f5c9-4580-99de-b6de7cceff8b,hills.army,available,17.48,48.98,high,low,5,namecheap,,,17/09/2026 17:53
d3a0d815-6156-44e9-8469-4099088f5aa4,soundtrack.army,available,18.99,39.99,high,low,10,namesilo,,,30/09/2026 18:47
ea37aee6-147f-4c7e-8486-7636d4f78350,smilax.army,available,18.99,39.99,medium,low,6,namesilo,,,20/09/2026 14:41
306575f1-e8bb-4281-af22-942c662a03f0,travis.army,available,18.99,39.99,high,low,6,namesilo,,,25/09/2026 13:01
e3ca4523-ec4d-4138-9f8e-68d5dd3cdc85,gunman.army,available,18.99,39.99,medium,low,6,namesilo,,,01/10/2026 02:21
bc82cd6c-7ff2-4d9d-8752-361966eba2e9,exciting.army,available,18.99,39.99,high,low,8,namesilo,,,24/09/2026 15:57
0ad4f3a6-c0f9-4d55-831d-5bfb4fe65b7e,frenchmen.army,available,17.5,,medium,low,9,unstoppable,,,02/10/2026 13:08
c894cdc3-41d3-4d69-ac68-363d00982fff,passes.army,available,18.99,39.99,medium,low,6,namesilo,,,27/09/2026 02:49
008451f5-131b-42f3-88ce-e4102f72696c,taste.army,available,30.2,30.2,high,low,5,cloudflare,,,29/09/2026 21:45
5c91478b-4b17-40d6-b983-b842bd164b83,funny.army,available,18.99,39.99,high,low,5,namesilo,,,23/09/2026 15:21
ef50c9c0-b49e-4d5b-9b40-ef89d7c6d3bf,entertaining.army,available,17.5,,high,low,12,unstoppable,,,28/09/2026 07:00
d2a54d13-3b30-4503-94b9-ad64dc5325b7,remorse.army,available,15.73,31.25,medium,low,7,spaceship,,,29/09/2026 00:28
817796e9-85cd-48ee-8645-4d8433c2e905,hey.army,available,10.92,32.21,high,medium,3,dynadot,,,30/09/2026 23:17
ce4f8b76-115b-418a-8111-a4da84b309b9,foul.army,available,17.48,48.98,high,low,4,namecheap,,,
8c1e9f03-27de-426b-b757-505df0fd23a7,clxv.army,available,17.48,48.98,medium,low,4,namecheap,,,
23670351-e983-4285-a2e5-83cd7d6513a8,jan.army,available,10.92,32.21,high,low,3,dynadot,,,30/09/2026 00:39
63e22bdd-b6c8-427a-91fb-21f82c4ebeca,rolle.army,available,17.48,48.98,medium,low,5,namecheap,,,02/10/2026 07:36
f53fe341-99a2-46ad-8269-c6283b7595ab,contestant.army,available,17.48,48.98,medium,low,10,namecheap,,,14/08/2026 12:45
e4c9b9d0-ab4c-451b-a6f3-d210a803c4f9,frigid.army,available,17.48,48.98,medium,low,6,namecheap,,,18/08/2026 15:46
37699a89-e48d-4f4b-936a-195914d3726c,program.army,available,18.99,39.99,high,low,7,namesilo,,,24/09/2026 17:00
621e0a25-8826-4340-bde7-b5e5c41c2aac,trish.army,available,10.81,31.41,high,low,5,porkbun,,,02/10/2026 00:26
7d3f5cea-1bc5-4df8-a054-eaa4fa3c1eee,dolomite.army,available,17.48,48.98,medium,low,8,namecheap,,,23/09/2026 23:01
7821a909-5d62-4102-86d1-e652cce74548,arno.army,available,18.99,39.99,high,low,4,namesilo,,,20/09/2026 08:12
8134dba3-6b1e-423f-8bb3-98e479dd1f86,hardie.army,available,30.2,30.2,high,low,6,cloudflare,,,01/10/2026 11:41
3799ceab-45f9-4f2a-b96a-b1954d87086d,newlands.army,available,18.99,39.99,medium,low,8,namesilo,,,02/10/2026 07:59
0b0d7a69-92c8-4f59-a65e-b1b66971e22a,pons.army,available,17.48,48.98,high,low,4,namecheap,,,18/09/2026 07:24
cb312e2f-9747-4b8e-9e71-951f9852c3dc,counselling.army,available,18.99,39.99,high,low,11,namesilo,,,17/09/2026 12:13
bb13f95d-f60d-4179-be5f-bea590484879,rivers.army,available,17.5,,medium,low,6,unstoppable,,,28/09/2026 08:05
ad874363-e8e6-40e6-9641-fab79707b634,pier.army,available,15.73,31.25,high,low,4,spaceship,,,28/09/2026 06:35
fc485b7e-12ee-4b3f-9e34-4aa32ce96f47,humanlike.army,available,17.48,48.98,medium,low,9,namecheap,,,
b25bf4de-803d-4fd2-a1d4-46943008ae9e,sandhurst.army,available,17.5,,high,low,9,unstoppable,,,02/10/2026 20:49
d5405a49-3df2-497c-bb10-a7bb20d985ce,tomato.army,available,17.5,,high,low,6,unstoppable,,,30/09/2026 03:31
bb7c4393-0a7c-4366-bd79-b31fd6274e32,yosef.army,available,18.99,39.99,medium,low,5,namesilo,,,30/09/2026 22:02
2ca81a0f-8373-4b4c-bc89-6dc06001ec70,looney.army,available,17.48,48.98,medium,low,6,namecheap,,,13/08/2026 05:34
5b032a84-74ea-4c77-bfde-a21ee2a26101,dud.army,available,17.48,48.98,high,low,3,namecheap,,,14/08/2026 20:55
fe69dc34-ea8c-4046-92d2-69e064d00d3d,linguistics.army,available,10.92,32.21,high,low,11,dynadot,,,30/09/2026 14:08
69a1e607-43af-4410-ba67-64878f311450,overstated.army,available,17.48,48.98,medium,low,10,namecheap,,,17/08/2026 15:36
4e024a29-f695-4ad9-bcc9-79836b71fd3c,crucial.army,available,18.99,39.99,high,low,7,namesilo,,,22/09/2026 00:39
c200ad9e-1919-4bcf-abd4-a6e08dfa3981,accumulate.army,available,17.48,48.98,high,low,10,namecheap,,,12/08/2026 16:47
53e9b9d9-c204-48ec-925c-2f8449039e44,onager.army,available,17.48,48.98,medium,low,6,namecheap,,,20/09/2026 00:38
731ddfa9-6838-49ae-b0f4-f991f7713102,expedient.army,available,17.48,48.98,high,low,9,namecheap,,,17/08/2026 18:06
3b45f689-33d6-4e73-8a38-944af74ec3f6,conan.army,available,15.73,31.25,high,low,5,spaceship,,,28/09/2026 07:59
880e56ba-1c6d-4447-aa35-a972ab3b11d8,flavor.army,available,18.99,39.99,high,low,6,namesilo,,,28/09/2026 14:12
a8c628a8-ee98-4483-9212-0dac88d83455,sosa.army,available,30.2,30.2,medium,low,4,cloudflare,,,01/10/2026 06:54
9ac3c738-313e-4c72-9bb0-1efb9cfe5ac3,dialog.army,available,18.99,39.99,high,low,6,namesilo,,,24/09/2026 22:13
53f1405b-4bb2-43a9-b422-d60499734980,unmined.army,available,17.48,48.98,medium,low,7,namecheap,,,12/09/2026 15:41
4352da14-9b10-4e67-8275-d20476292af4,bassist.army,available,17.48,48.98,medium,low,7,namecheap,,,22/09/2026 12:26
5a417696-c8d8-49be-b0d9-08770f61cb92,revenge.army,available,18.99,39.99,high,low,7,namesilo,,,25/09/2026 10:18
96c0d743-61ac-4e5b-b2f5-73d866c0b27e,corte.army,available,15.73,31.25,medium,low,5,spaceship,,,02/10/2026 10:36
e09dfcc0-c437-49ec-bee1-e9e92e7ce572,honey.army,available,17.48,48.98,high,medium,5,namecheap,,,09/08/2026 13:51
903973d3-3ade-480f-a747-cb8f9e835d5c,roommates.army,available,18.99,39.99,medium,low,9,namesilo,,,21/09/2026 02:59
2c381fda-8851-4c50-b68c-9929a0b3ed46,mercy.army,available,18.99,39.99,high,low,5,namesilo,,,25/09/2026 09:18
84a4a2da-44b2-4e7a-acc8-28b19aa4dd97,lisboa.army,available,18.99,39.99,high,low,6,namesilo,,,29/09/2026 06:47
8e97f36b-bb5a-4c43-8429-99e57d4cd11d,pairs.army,available,17.48,48.98,medium,low,5,namecheap,,,16/09/2026 14:58
dab91bc6-74e1-4916-859b-2d407e4960e0,discovered.army,available,17.5,39.99,high,low,10,unstoppable,,,02/10/2026 17:24
0eefb61c-2087-4ed5-bba1-b45dd03c8006,ravens.army,available,10.92,32.21,medium,low,6,dynadot,,,30/09/2026 07:01
133b073e-cbc8-4eeb-a6ce-6fd7e93f937f,chesney.army,available,10.92,32.21,medium,low,7,dynadot,,,03/10/2026 04:21
e30fb770-0fb4-4a11-aafa-799413612cb6,rhode.army,available,18.99,39.99,high,low,5,namesilo,,,25/09/2026 15:06
ffafd145-1a11-4dc8-8f5f-ea00192f97b5,exothermic.army,available,17.48,48.98,medium,low,10,namecheap,,,17/08/2026 17:46
ba0df3c6-137c-42b0-92ce-beca3d2a5230,stomp.army,available,30.2,30.2,high,low,5,cloudflare,,,30/09/2026 18:50
7393f602-6bb3-40e9-aea3-2e17b2aa6f7f,torrid.army,available,17.48,48.98,medium,low,6,namecheap,,,06/08/2026 16:35
4284bce8-a3e3-4b3b-962a-2f5c886856bd,repand.army,available,17.48,48.98,medium,low,6,namecheap,,,09/09/2026 14:25
425d9630-bdf2-4527-ab83-3593deed319a,elmhurst.army,available,15.73,31.25,medium,low,8,spaceship,,,02/10/2026 01:13
08bc736d-8281-4277-9f9c-52c10b66efef,raise.army,available,18.99,39.99,high,low,5,namesilo,,,24/09/2026 14:55
bcd7d840-3803-43a8-9975-aab2d0f61433,amplification.army,available,10.81,31.41,medium,low,13,porkbun,,,02/10/2026 21:27
4cbc7254-0ffa-4990-b0cc-cfb76b041b1f,genetics.army,available,17.48,48.98,high,low,8,namecheap,,,28/09/2026 19:19
2db98a08-30c8-44d1-a554-5d2fef87e9d3,markings.army,available,17.48,48.98,medium,low,8,namecheap,,,29/09/2026 10:28
3f6ff16a-acc7-45e3-8ea6-f22e8a930c22,ticket.army,available,17.48,48.98,high,low,6,namecheap,,,24/09/2026 18:18
139143a1-d19b-48f7-a583-aa55f3d02a25,soi.army,available,17.48,48.98,high,low,3,namecheap,,,30/09/2026 23:57
f3208550-31ee-4dc8-9179-dc52e9fcabee,calm.army,available,18.99,39.99,high,low,4,namesilo,,,23/09/2026 12:30
dec69b73-aaae-43a0-bbfd-bcb4a250379c,thackeray.army,available,18.99,39.99,medium,low,9,namesilo,,,29/09/2026 14:03
474c331a-b403-4b5a-90a1-b56aabbab0d7,standardized.army,available,17.48,48.98,high,low,12,namecheap,,,30/09/2026 19:58
215ffa85-8aba-4985-9059-aed5b62ae10b,wade.army,available,15.73,31.25,high,low,4,spaceship,,,28/09/2026 06:51
780a6925-81f0-4b38-914a-53debcb05cb4,tad.army,available,15.73,31.25,high,low,3,spaceship,,,30/09/2026 03:00
a98ce3cf-5857-45ea-b52a-d023c9eeb5dd,provo.army,available,10.92,32.21,high,low,5,dynadot,,,29/09/2026 01:55
036d6473-c17e-49b6-9a3f-e95daa4e7119,automobiles.army,available,18.99,39.99,high,low,11,namesilo,,,17/09/2026 22:53
b2c134a0-b05e-45b6-b7d2-fe1a6b8a3b44,balletic.army,available,17.48,48.98,high,low,8,namecheap,,,08/08/2026 10:26
07a72fe7-8b0c-4697-801a-aeb88ce42d28,ultra.army,available,17.48,48.98,high,medium,5,namecheap,,,17/08/2026 19:33
32c5345b-969e-4726-a1f8-943e5f9bda3b,bended.army,available,17.48,48.98,low,low,6,namecheap,,,09/08/2026 14:15
c1677c0a-5aec-422c-ad27-fe0575ec6353,abington.army,available,15.73,31.25,medium,low,8,spaceship,,,02/10/2026 01:44
300dd95c-2271-4f75-8de0-477038c2f67a,cruddy.army,available,17.48,48.98,medium,low,6,namecheap,,,13/08/2026 08:44
fd5d5a8e-1d89-4aaa-aad6-03467bc36a2c,asymptote.army,available,19.99,50.99,medium,low,9,name.com,,,20/09/2026 18:41
db33494f-e98b-470b-97c9-2b215e6d89f2,victual.army,available,17.48,48.98,medium,low,7,namecheap,,,12/08/2026 18:51
1f93c834-410c-4051-b206-3a9681e09245,dank.army,available,17.48,48.98,high,low,4,namecheap,,,12/08/2026 09:24
448e6a7d-25d0-4256-92c2-1e15da378af9,epidural.army,available,17.48,48.98,high,low,8,namecheap,,,17/08/2026 10:52
d69ebc83-3539-44be-a289-2d81fe4ef63f,lucullan.army,available,17.48,48.98,medium,low,8,namecheap,,,24/08/2026 11:00
503654cb-b7d9-49a4-b277-7720ac311b3a,awkwardly.army,available,17.48,48.98,medium,low,9,namecheap,,,13/09/2026 22:55
eddd0033-1b2d-4449-92ed-a79a22336479,graphical.army,available,17.48,48.98,high,low,9,namecheap,,,20/08/2026 18:11
966b1f58-9f62-47dd-b2f1-7fcacf7140a8,impacts.army,available,15.73,31.25,medium,low,7,spaceship,,,02/10/2026 23:01
465fb287-2a8c-477c-a04d-b003862f7e30,shyly.army,available,17.48,48.98,medium,low,5,namecheap,,,13/09/2026 23:37
fdc2d739-e4f8-473d-ace2-454c32435dcd,naomi.army,available,10.92,32.21,medium,low,5,dynadot,,,28/09/2026 14:57
bc0c9dc5-e072-4020-9e43-3aa116cdef41,biaxial.army,available,17.48,48.98,medium,low,7,namecheap,,,09/08/2026 18:44
46d58b48-5536-4ff9-b1e2-38d427a2d1f9,suffering.army,available,17.48,48.98,high,low,9,namecheap,,,25/08/2026 01:27
1bd0c1e4-2575-4979-9be1-6dd69d7900be,comprehend.army,available,15.73,31.25,high,low,10,spaceship,,,29/09/2026 18:01
073c698e-166b-4f44-99aa-84d4ee7c925f,implausible.army,available,18.99,39.99,medium,low,11,namesilo,,,01/10/2026 09:12
2f5f57a8-f3b7-40c0-b0ed-05a15e329cd6,scorch.army,available,17.48,48.98,medium,low,6,namecheap,,,10/09/2026 00:51
4f333791-1e85-49bf-bc7b-06bd4264acf0,kei.army,available,18.99,39.99,medium,low,3,namesilo,,,01/10/2026 10:28
4438dfc7-2fd9-489e-8229-9a1e39fc4f5b,overs.army,available,17.48,48.98,medium,low,5,namecheap,,,20/09/2026 10:07
6c2c6dcb-968e-4b96-add8-1213851f3315,rhodes.army,available,17.48,48.98,medium,low,6,namecheap,,,28/09/2026 13:40
a806c0ce-1097-4450-a8b6-c5645e5e4086,wig.army,available,15.73,31.25,high,low,3,spaceship,,,30/09/2026 14:43
179a72b8-c252-4837-a921-d381b6347ef5,crisscross.army,available,17.48,48.98,high,low,10,namecheap,,,13/08/2026 07:25
8c524f35-a37f-4f55-8af9-1ac9876aa6bf,respondent.army,available,17.48,48.98,high,low,10,namecheap,,,22/09/2026 05:39
4bde6519-5137-4658-9a5d-5666c09ab39c,aip.army,available,15.73,31.25,high,low,3,spaceship,,,01/10/2026 07:20
2372c912-9f17-4ac8-8e7c-48125d7c363e,beaner.army,available,17.48,48.98,medium,low,6,namecheap,,,22/09/2026 20:26
1685a7c1-7231-43ab-a674-9ef0505410d4,blew.army,available,18.99,39.99,medium,low,4,namesilo,,,25/09/2026 11:11
b780943e-a4bb-44a9-8c49-59ed271d543c,peripheral.army,available,17.48,48.98,high,low,10,namecheap,,,08/09/2026 17:14
414414bf-02aa-46ca-9737-5c49913ebed7,conspicuous.army,available,30.2,30.2,medium,low,11,cloudflare,,,29/09/2026 03:02
70e599d2-e6e4-4bcc-81a8-b941b95a7b06,catalonia.army,available,15.73,31.25,medium,low,9,spaceship,,,28/09/2026 09:16
322e3c1f-164b-4ca5-9e1f-95fd50a1f1cb,damning.army,available,19.99,50.99,medium,low,7,name.com,,,13/08/2026 16:33
2651610b-3ff4-4f80-bc0d-74129f8657d3,michelle.army,available,18.99,39.99,high,low,8,namesilo,,,25/09/2026 13:16
ec01f187-0c12-4878-9437-bbd9d2b24d78,reunite.army,available,17.5,,high,low,7,unstoppable,,,01/10/2026 04:25
60fb4de9-e7cd-48d6-bb8b-fcc2b7f6bc3f,wan.army,available,17.48,48.98,high,low,3,namecheap,,,04/09/2026 23:53
e4e0c494-1e19-4026-9ad0-6f041a6c9a06,rounder.army,available,17.48,48.98,medium,low,7,namecheap,,,23/08/2026 00:51
cfff8fd2-a46f-4595-9a2d-7a211af8cb1a,atelier.army,available,18.99,39.99,high,medium,7,namesilo,,,20/09/2026 11:53
f4ac4c25-8d38-4103-839b-b5990bda1b35,swartz.army,available,30.2,30.2,medium,low,6,cloudflare,,,30/09/2026 13:43
24040dfe-34b5-4270-b03d-ccbf17c73d39,whereas.army,available,15.73,31.25,high,low,7,spaceship,,,01/10/2026 00:02
78c47786-7c4b-4707-a4c0-4de0759c9b27,sectorial.army,available,17.48,48.98,medium,low,9,namecheap,,,10/09/2026 01:22
b90aab26-2b35-4a74-b7fd-a3ac4e5a4ebd,amblyopia.army,available,18.99,39.99,medium,low,9,namesilo,,,18/09/2026 17:11
7da3c458-ac92-4052-aed7-cad4c1272b48,neither.army,available,17.48,48.98,medium,low,7,namecheap,,,03/09/2026 15:18
20f9ac49-a3d1-4b2f-880e-cb1e11ff5233,bethe.army,available,18.99,39.99,medium,low,5,namesilo,,,23/09/2026 11:12
357c86de-f500-4121-a307-2fa639b70adb,liver.army,available,17.48,48.98,high,low,5,namecheap,,,24/08/2026 08:02
8528ff00-38d0-4c53-9637-96cd6fd43c94,assize.army,available,18.99,39.99,medium,low,6,namesilo,,,20/09/2026 16:30
2553bee5-f704-4173-bb99-b126d56470d0,taxed.army,available,30.2,30.2,medium,low,5,cloudflare,,,02/10/2026 18:15
9cf02c43-f81e-4ce6-b4e5-dba8e1116c02,darren.army,available,30.2,30.2,high,low,6,cloudflare,,,28/09/2026 11:25
e1e6c09f-2fcd-4da8-9758-6c5dec93537e,querulous.army,available,17.48,48.98,medium,low,9,namecheap,,,09/09/2026 08:33
6e581eae-9203-4176-820f-eb9363b1a15d,sixth.army,available,17.48,48.98,high,low,5,namecheap,,,
5d418240-8ebf-4e07-9091-8b8c8db3aa98,luzerne.army,available,10.81,31.41,medium,low,7,porkbun,,,30/09/2026 14:00
67f96022-4066-4ffe-9c3c-4b0aa52cba57,monkshood.army,available,18.99,39.99,medium,low,9,namesilo,,,17/09/2026 02:11
fa8ee0cc-e93d-443d-9278-947a438c909c,politics.army,available,17.48,48.98,high,low,8,namecheap,,,27/09/2026 05:03
3c29073c-16ea-46d7-9ad8-1484b921ed66,placate.army,available,17.48,48.98,high,low,7,namecheap,,,18/08/2026 22:12
6b170d2e-1940-4e2e-bd51-cec45ccdf0cd,autoclave.army,available,19.99,50.99,medium,low,9,name.com,,,21/09/2026 06:03
06cf0d3f-4ffc-4a77-934b-0bde0d39b298,eleazar.army,available,15.73,31.25,medium,low,7,spaceship,,,02/10/2026 09:32
7e83406c-63b5-4e5b-997d-62a478c4fd3a,huntsville.army,premium,78.54,78.54,high,low,10,namesilo,,,27/09/2026 04:30
f30d4f96-c303-4846-9d23-7b91fa4a6737,purchasing.army,available,18.99,39.99,high,low,10,namesilo,,,24/09/2026 11:23
938ac428-c7ef-40fa-a4ff-0b61f0986113,dickinson.army,available,17.48,48.98,high,low,9,namecheap,,,25/09/2026 04:53
b81a0004-45e1-4b07-92d5-93fc8ce719e4,blazon.army,available,18.99,39.99,high,low,6,namesilo,,,24/09/2026 05:05
dee17b83-60a8-4820-b4e9-7df9be7a309f,azonal.army,available,17.48,48.98,medium,low,6,namecheap,,,08/08/2026 02:27
a75383b6-f689-46ea-a600-17328743faab,melon.army,available,15.73,31.25,high,low,5,spaceship,,,29/09/2026 13:24
f688e07e-0c6d-45ae-accb-7776f3d006a8,beaten.army,available,17.48,48.98,medium,low,6,namecheap,,,09/08/2026 05:47
a8b41200-7b09-45cb-b477-9664cc923023,otiose.army,available,17.48,48.98,medium,low,6,namecheap,,,17/08/2026 20:56
76c9d8c8-f9f5-456b-91a7-fa9828608252,streaks.army,available,15.73,31.25,medium,low,7,spaceship,,,01/10/2026 17:47
1cf00776-6771-4ab9-a9c8-da4431906ef9,comstock.army,available,18.99,39.99,medium,low,8,namesilo,,,19/09/2026 13:40
34d7df92-db87-4fc6-9ed1-f29795226140,sagar.army,available,15.73,31.25,medium,low,5,spaceship,,,02/10/2026 20:45
50d09c57-cc41-4c7e-b316-3466c6bf23f5,fisk.army,available,15.73,31.25,medium,low,4,spaceship,,,02/10/2026 17:54
bc089951-18bb-4012-8105-a48f667bb6f6,meredith.army,available,18.99,39.99,high,low,8,namesilo,,,25/09/2026 06:29
4ead2c5e-5f36-46a9-962e-b1a07bd969bf,fabricated.army,available,17.48,48.98,medium,low,10,namecheap,,,17/08/2026 20:15
05ad0ff3-3aa5-40b0-a832-af85b7d9992e,specification.army,available,19.99,,high,low,13,name.com,,,
b109f709-a063-4306-99cd-e2907b78e0c1,reasonable.army,available,18.99,39.99,high,low,10,namesilo,,,24/09/2026 16:20
0b39ae4f-3ed0-442f-9340-a4846b9bcb48,aloneness.army,available,17.48,48.98,medium,low,9,namecheap,,,18/09/2026 13:12
d8d09774-bd38-4170-95ff-02d3fbf0f8a4,worsening.army,available,18.99,39.99,medium,low,9,namesilo,,,28/09/2026 10:58
adc9e035-9c6b-41f8-8b0d-f76e49b04cbc,glasses.army,available,10.92,32.21,high,low,7,dynadot,,,29/09/2026 18:45
8b73613b-3676-4f1a-8f1d-c7966fcbd2fe,meddle.army,available,17.5,,medium,low,6,unstoppable,,,30/09/2026 20:30
3f4333f8-7ce9-4142-a968-c279f3523305,finn.army,available,17.48,48.98,high,low,4,namecheap,,,28/09/2026 05:42
40311eac-9928-4459-83a4-84c655596792,tee.army,premium,66.5,,high,low,3,unstoppable,,,29/09/2026 18:55
1073e25a-deb8-43fd-82f2-488f01586a0d,eidetic.army,available,17.48,48.98,medium,low,7,namecheap,,,15/08/2026 19:54
cadd467a-d255-4129-9c6b-e494c7d59634,queenstown.army,available,18.99,39.99,medium,low,10,namesilo,,,02/10/2026 00:46
9015932a-cb69-466c-8687-d3afc44f6dd4,bower.army,available,18.99,39.99,medium,low,5,namesilo,,,20/09/2026 00:59
c3039f18-c79f-4dd1-a950-4b6e3d68b755,copied.army,available,17.48,48.98,medium,low,6,namecheap,,,28/09/2026 17:26
caa17d0e-36b5-4aaf-9843-1328681a2445,catered.army,available,18.99,39.99,medium,low,7,namesilo,,,20/09/2026 17:04
2b97e7f2-3e39-4a03-a0d0-58ee573fa43e,tragicomic.army,available,17.48,48.98,medium,low,10,namecheap,,,11/09/2026 18:46
7be776c4-cac4-4b92-b32d-e5158f31f987,monetary.army,available,17.48,48.98,high,low,8,namecheap,,,25/09/2026 21:29
3ce106f8-3bfc-4218-9e06-865ce76bef1a,guinean.army,available,17.48,48.98,medium,low,7,namecheap,,,20/08/2026 20:52
7c7e1633-1a55-4d9d-9c10-2798fc07cc89,tuscaloosa.army,available,10.92,32.21,medium,low,10,dynadot,,,29/09/2026 02:27
3edd2fb5-8f75-42b8-9d3e-ba7b224caf06,mccartney.army,available,18.99,39.99,medium,low,9,namesilo,,,28/09/2026 06:23
2e1f765f-3c02-4b9c-88b3-dd9b0bc74ee9,eulogistic.army,available,17.48,48.98,medium,low,10,namecheap,,,16/08/2026 23:07
76e43214-92a2-4e40-9e2e-2a763327a533,fetched.army,available,18.99,39.99,medium,low,7,namesilo,,,02/10/2026 12:52
bcbebad0-49a0-4952-a85d-91a4231cb60d,aquarius.army,available,18.99,39.99,high,low,8,namesilo,,,19/09/2026 23:03
d3434a86-7176-4fe9-a6dd-b3cb2327c825,violins.army,available,10.92,32.21,medium,low,7,dynadot,,,02/10/2026 13:24
8abb9b14-a968-44c6-b5e7-5e38e162ac38,untrusty.army,available,17.48,48.98,medium,low,8,namecheap,,,12/09/2026 21:46
522793c8-3804-43ef-abfe-e860a2797f61,princesses.army,available,17.5,,medium,low,10,unstoppable,,,02/10/2026 13:22
b1d935be-4b87-4809-a1fb-1368b5c56c50,diploma.army,available,18.99,39.99,high,low,7,namesilo,,,29/09/2026 15:03
76eb33c0-f0f7-481f-b130-d4d2e4c917a4,mehmed.army,available,15.73,31.25,medium,low,6,spaceship,,,30/09/2026 21:00
79b692b0-42da-45b5-b693-8bfa40d284a6,copland.army,available,17.48,48.98,medium,low,7,namecheap,,,16/09/2026 13:32
e3dfd690-8240-4c4c-9ccd-8c580ca9a269,day.army,available,18.99,39.99,high,low,3,namesilo,,,28/09/2026 16:52
3502125d-c294-405f-8b1f-92a3f18ab78e,alleviant.army,available,17.48,48.98,medium,low,9,namecheap,,,04/09/2026 23:46
ca2bd851-bd93-43d9-970e-2f599c1ad660,freewill.army,available,17.48,48.98,high,low,8,namecheap,,,18/08/2026 15:00
ea72cb54-4be8-47fe-b4b5-49a715957628,inflated.army,available,17.48,48.98,medium,low,8,namecheap,,,21/08/2026 08:47
f7f6db4d-8b23-4c84-afb9-26d66508307c,akers.army,available,17.5,,medium,low,5,unstoppable,,,01/10/2026 06:42
53b2fea3-802c-4c5c-aefe-5750d82eecd9,airworthy.army,available,17.48,48.98,medium,low,9,namecheap,,,
ed7c772c-59b3-4f55-ba48-52c8f35bab2a,pudgy.army,available,17.48,48.98,medium,low,5,namecheap,,,08/09/2026 22:24
92fc9c63-66ee-4089-beec-1128bfe11805,adduct.army,available,18.99,39.99,medium,low,6,namesilo,,,17/09/2026 07:09
6556a65e-4e24-49ac-b70a-d923bb1f3d86,rebuild.army,available,18.99,39.99,high,low,7,namesilo,,,28/09/2026 06:58
c6d94068-ff25-4710-adde-534ceb593b93,untrained.army,available,17.48,48.98,medium,low,9,namecheap,,,12/09/2026 21:40
9f8f13e1-03d8-4df6-9a7d-613506b01f7d,muckle.army,available,17.48,48.98,medium,low,6,namecheap,,,25/08/2026 00:34
4ad2a49c-1180-4ffd-91bc-a64cde30d211,parentage.army,available,17.48,48.98,medium,low,9,namecheap,,,08/09/2026 13:25
f7c74419-49e1-40d3-b59f-a2059e55672e,wanamaker.army,available,15.73,31.25,medium,low,9,spaceship,,,02/10/2026 15:52
b034ced5-1ef4-437c-86e3-a9068411545d,mar.army,available,18.99,39.99,high,low,3,namesilo,,,24/09/2026 05:35
c04d8941-a339-4755-81ab-31c1931e6bc2,nutcase.army,available,17.48,48.98,medium,low,7,namecheap,,,13/08/2026 05:36
fca01384-c015-4eb0-a29b-fcd5f3f1a59f,untypical.army,available,17.48,48.98,medium,low,9,namecheap,,,07/08/2026 16:10
9491970d-d138-4a22-b71c-b648f98a5e1a,petrovich.army,available,17.48,48.98,medium,low,9,namecheap,,,02/10/2026 20:32
35ab8f0f-c702-446a-ad23-151540152e9a,demonic.army,available,17.48,48.98,medium,low,7,namecheap,,,14/08/2026 01:26
9313d4cd-2e6d-4b53-8ebf-6a2fc4fd633b,council.army,available,19.99,50.99,high,low,7,name.com,,,24/09/2026 18:38
92ad880a-bb92-4650-8a5f-385d67b1bc34,rolled.army,available,17.48,48.98,high,low,6,namecheap,,,18/08/2026 18:46
c815b9c1-ba85-4cfb-a4be-6b2eab5b9614,kerry.army,available,15.73,31.25,high,low,5,spaceship,,,28/09/2026 03:22
1b21ffd2-cd28-4752-ad22-b0b641bc1c3a,tagore.army,available,18.99,39.99,medium,low,6,namesilo,,,30/09/2026 02:38
6e1d3d4a-c2dc-44ce-bf77-dba7bb9807aa,belle.army,available,18.99,39.99,high,low,5,namesilo,,,23/09/2026 06:02
7b0e9702-be64-46c2-8333-949d4640185c,soundbar.army,available,15.73,31.25,high,low,8,spaceship,,,02/10/2026 03:28
f39d66f8-d1e7-4c6c-9f0f-1135993fc0f0,vitis.army,available,15.73,31.25,high,low,5,spaceship,,,03/10/2026 00:56
356a41cc-08fe-4c43-bf1a-48a2ea6b217b,basia.army,available,18.99,39.99,medium,low,5,namesilo,,,22/09/2026 10:34
0bc59421-26ad-48cf-bf8f-32ef9ecaa9ca,flashes.army,available,18.99,39.99,medium,low,7,namesilo,,,29/09/2026 10:47
070138d1-56c9-48ff-a17e-6368aa049d92,shortages.army,available,18.99,39.99,medium,low,9,namesilo,,,21/09/2026 03:14
8e6181ba-1f71-478d-9112-ce309bf74cc8,wifely.army,available,17.48,48.98,medium,low,6,namecheap,,,13/09/2026 00:27
170cfe8c-19b3-4031-9ab1-a2cb2a403df9,snowdrop.army,available,18.99,39.99,high,low,8,namesilo,,,19/09/2026 05:27
6c78dfa4-02dc-4df5-93b7-8def046d2c69,polyhedral.army,available,17.48,48.98,medium,low,10,namecheap,,,08/09/2026 23:24
9036789c-1d56-41c1-b096-4164f808deca,luxury.army,available,30.2,30.2,high,low,6,cloudflare,,,30/09/2026 02:20
aeb704ce-acb3-4ed0-9b3d-1fb4ae70ba53,levine.army,available,18.99,39.99,medium,low,6,namesilo,,,25/09/2026 16:14
29f37ed6-77fd-4274-af15-9f86bdb08e84,intensity.army,available,18.99,39.99,high,low,9,namesilo,,,28/09/2026 09:23
8823bc38-e454-450d-8eb5-3aeff88d3015,colourful.army,available,17.48,48.98,high,low,9,namecheap,,,12/08/2026 17:51
9966b5bd-afc6-45b7-ac8c-3fff116f730c,minkowski.army,available,15.73,31.25,medium,low,9,spaceship,,,02/10/2026 15:41
ee4d00b0-0b73-446a-a5a3-acb0fb18912e,confine.army,available,18.99,39.99,medium,low,7,namesilo,,,02/10/2026 15:57
e70d3e2c-1d24-43ef-81a1-e62f0a2a4932,fawning.army,available,17.48,48.98,medium,low,7,namecheap,,,10/08/2026 19:43
d1532e91-a22d-4a5f-a7df-2ab85ea7b123,digestible.army,available,17.48,48.98,medium,low,10,namecheap,,,14/08/2026 07:14
683e1413-2a25-48ee-a0e5-9d1314d0e6cf,amidst.army,available,17.5,,medium,low,6,unstoppable,,,30/09/2026 11:35
e17708fc-cc8e-4477-adad-8f8e4eeacc39,dampen.army,available,19.99,50.99,medium,low,6,name.com,,,13/08/2026 16:53
3eae160a-ad7e-465e-ba98-2501105ddf14,blasts.army,available,18.99,39.99,medium,low,6,namesilo,,,02/10/2026 13:35
6403fd7e-7e53-4bdf-a477-7a08cf42cb2e,backstairs.army,available,17.48,48.98,medium,low,10,namecheap,,,08/08/2026 06:26
e1c9d310-bfec-45ed-b3e4-a041cd9bb4a4,cadbury.army,available,10.92,32.21,high,low,7,dynadot,,,02/10/2026 10:48
9d4daae8-c0f0-48c5-a3fb-c4853af5d234,sneeze.army,available,18.99,39.99,high,low,6,namesilo,,,30/09/2026 11:17
dab4612d-bad1-48ed-903c-ae2cc12f34d0,traits.army,available,15.73,31.25,medium,low,6,spaceship,,,30/09/2026 06:21
72392a48-b888-4b5e-98c8-c2d5ba5bf680,poughkeepsie.army,available,30.2,30.2,medium,low,12,cloudflare,,,29/09/2026 04:37
51694377-7fca-4067-8997-0422ee1085e5,assail.army,available,17.48,48.98,medium,low,6,namecheap,,,20/09/2026 15:49
b69799cf-65ce-4fbd-8776-27fc78107188,bering.army,available,18.99,39.99,high,low,6,namesilo,,,23/09/2026 04:03
c421deea-4698-459f-a052-620bd36f2427,flavors.army,available,15.73,31.25,medium,low,7,spaceship,,,30/09/2026 15:58
7c4bfbdc-aeaa-46c8-ba59-7e08dcdb0d04,lyndon.army,available,18.99,39.99,medium,low,6,namesilo,,,25/09/2026 16:09
29a96dc7-0dfa-41cb-8479-752d053dbce4,rashes.army,available,17.48,48.98,low,low,6,namecheap,,,19/09/2026 21:50
fc8152c6-dbdc-4c9a-84c3-2f8963328556,marquette.army,available,18.99,39.99,high,low,9,namesilo,,,25/09/2026 07:53
2d5cc54f-3b1a-49ce-ab4e-77b5d666d057,unsightly.army,available,17.48,48.98,medium,low,9,namecheap,,,12/09/2026 19:53
9ae31a40-d2af-4d5b-91a1-ed1339dfc281,workouts.army,available,17.48,48.98,high,low,8,namecheap,,,19/09/2026 22:42
5b2a2286-9bf3-4373-a25d-caf2f5f3a406,mansions.army,available,15.73,31.25,medium,low,8,spaceship,,,01/10/2026 17:28
0178116b-d50c-4e4e-adc4-8451c9f8ac49,hand.army,available,18.99,39.99,high,low,4,namesilo,,,29/09/2026 04:06
311ccff0-aba8-4955-b510-ceb200a2aa25,deliverance.army,available,30.2,30.2,high,low,11,cloudflare,,,02/10/2026 21:42
e2294e23-2c9a-4f7e-b30d-f90e0f491e0b,gip.army,available,17.48,48.98,medium,low,3,namecheap,,,14/09/2026 08:07
7b77315b-53eb-4070-96a9-950c3035344b,ballot.army,available,18.99,39.99,high,low,6,namesilo,,,21/09/2026 23:15
399a8098-b241-4f4c-9d84-a1e612208477,suffolk.army,available,18.99,39.99,medium,low,7,namesilo,,,02/10/2026 08:26
06d7de7a-e00b-4cc1-a5ef-eff13eee861e,tumid.army,available,17.48,48.98,medium,low,5,namecheap,,,10/08/2026 18:05
51790afc-346a-4727-ac77-55412a189fe4,talkative.army,available,17.48,48.98,high,low,9,namecheap,,,09/08/2026 21:05
6516586e-1c08-44e6-b084-01acb40655e3,larkin.army,available,30.2,30.2,high,low,6,cloudflare,,,27/09/2026 23:26
cc022710-1225-4200-be18-7dd2ae8dd4f6,punishment.army,available,17.48,48.98,high,low,10,namecheap,,,25/09/2026 09:51
36de5fdd-aed5-4a51-a55f-b0aa77519c5f,kisses.army,available,17.48,48.98,medium,low,6,namecheap,,,28/09/2026 04:53
092b340e-38fe-4e5a-b140-869ea19bdd85,sunstruck.army,available,17.48,48.98,medium,low,9,namecheap,,,11/09/2026 02:01
c72d4200-ceca-49b9-a577-9cabec5aeab4,melee.army,available,18.99,39.99,high,low,5,namesilo,,,22/09/2026 16:23
8c53cbcb-37c6-48b2-a9ac-9a015397dda3,dealings.army,available,30.2,30.2,high,low,8,cloudflare,,,29/09/2026 18:35
f0675fda-77f1-4ddc-a3c7-79e0e13bf5f8,stoically.army,available,18.99,39.99,medium,low,9,namesilo,,,16/09/2026 07:14
6a8956e5-8a2c-41b0-b55b-02e90d90b3f1,oxonian.army,available,17.48,48.98,medium,low,7,namecheap,,,04/09/2026 22:32
d04c443e-ced2-4a63-92b3-65407d7761a1,unrecorded.army,available,17.48,48.98,medium,low,10,namecheap,,,24/08/2026 07:46
4daad881-a215-43fe-a6c5-6d36eba3d298,zhong.army,available,30.2,30.2,medium,low,5,cloudflare,,,30/09/2026 13:57
6c37d87c-43b5-45f4-a7b6-87aceffbd97c,warmly.army,available,17.48,48.98,high,low,6,namecheap,,,13/09/2026 08:17
e139bd4d-3b52-46d7-8ab7-644375835178,cheap.army,available,18.99,39.99,high,low,5,namesilo,,,23/09/2026 11:03
bd5101ca-6948-4dcf-9c2a-2277d0ad8dde,anthyllis.army,available,18.99,39.99,medium,low,9,namesilo,,,19/09/2026 14:04
c7151a00-39f7-43ca-a336-eb6e5e889bea,menzies.army,available,18.99,39.99,medium,low,7,namesilo,,,29/09/2026 15:52
7ebad735-8992-4e10-94a9-0a28552ac604,roomily.army,available,17.48,48.98,medium,low,7,namecheap,,,16/09/2026 00:01
1c462691-87f1-4cd5-8941-0160a1160c2d,norristown.army,available,18.99,39.99,medium,low,10,namesilo,,,02/10/2026 10:49
5350c59a-9d9c-4146-b567-f8e25c4f5a0c,shenandoah.army,available,15.73,31.25,medium,low,10,spaceship,,,27/09/2026 21:14
6cd46f62-f11b-451e-b9bb-26ac83df1da7,imaginary.army,available,17.48,48.98,high,low,9,namecheap,,,21/08/2026 20:16
ef4778fb-fa51-47fe-9729-57ea6d64c5d9,carr.army,available,17.5,,high,low,4,unstoppable,,,29/09/2026 14:27
032c7297-e3d8-4cac-bc26-78c7dacc9fc8,fifa.army,available,15.73,31.25,high,medium,4,spaceship,,,30/09/2026 12:50
4180d250-e787-4365-806d-b492264ef88c,communion.army,available,17.5,,high,low,9,unstoppable,,,29/09/2026 00:28
039d66de-b929-4eba-a379-5f7152ec0733,cholesterol.army,available,15.73,31.25,high,low,11,spaceship,,,29/09/2026 05:08
5fe987a5-a015-482e-a40d-b0fca5c86d79,fashioned.army,available,17.48,48.98,high,low,9,namecheap,,,17/08/2026 23:02
147abf69-43b4-4cd3-b064-6b41c1266e4b,spun.army,available,17.48,48.98,medium,low,4,namecheap,,,29/09/2026 15:59
fc6a07f7-c2f9-4e24-9e14-c2571f6d232f,rakes.army,available,17.48,48.98,medium,low,5,namecheap,,,20/09/2026 22:29
ded513b4-1352-408a-8ab8-a41db03fb12b,foothold.army,available,17.48,48.98,high,low,8,namecheap,,,24/09/2026 10:16
a6f37103-8374-4092-933d-17fa4b97ae1e,lomax.army,available,18.99,39.99,medium,low,5,namesilo,,,29/09/2026 22:37
19a00a7e-02ad-4c89-b1d6-93989f530d2c,weight.army,available,17.48,48.98,high,low,6,namecheap,,,19/09/2026 19:07
cd4796a5-3356-46dc-864d-fd01b8e40ac5,gladiola.army,available,17.48,48.98,medium,low,8,namecheap,,,19/08/2026 00:09
7564f2d6-b278-47ec-9bb9-3abd7da01c59,worshipful.army,available,17.48,48.98,high,low,10,namecheap,,,
e4fd9695-9cb7-4be1-8baa-ea3638ccefce,galax.army,available,17.48,48.98,medium,low,5,namecheap,,,23/09/2026 01:54
4f75ab39-b2e7-4d39-82a7-16675e94d224,colossus.army,available,17.48,48.98,high,low,8,namecheap,,,23/09/2026 03:27
052f11ee-fe3e-483d-846d-1c0413482edd,racetrack.army,available,30.2,30.2,high,low,10,cloudflare,,,30/09/2026 18:25
8e84f551-285c-43df-9589-b73488803447,repeat.army,available,18.99,39.99,high,low,6,namesilo,,,24/09/2026 12:27
bf2e5dde-5612-4368-9548-ec7332484a39,speedway.army,available,17.5,,high,low,8,unstoppable,,,01/10/2026 03:48
fd8ea4b8-c94a-4ffb-a426-cc2a2e6ea672,sinners.army,available,18.99,39.99,medium,low,7,namesilo,,,02/10/2026 21:46
d7ce88bf-cb33-4845-a3d1-5e3707d06bc9,neotenic.army,available,17.48,48.98,medium,low,8,namecheap,,,03/09/2026 15:31
7fa493aa-7739-4f80-9349-ddbf2796c3a6,substitute.army,available,18.99,39.99,high,low,10,namesilo,,,22/09/2026 02:40
683d1c21-ee58-46ae-93e0-f69d0d4055cd,during.army,available,30.2,30.2,medium,low,6,cloudflare,,,01/10/2026 01:36
7c06a0a5-2484-43f2-a80d-d18eadf0a7ad,landlady.army,available,17.5,,high,low,8,unstoppable,,,02/10/2026 05:34
002598e0-499d-4a35-8ce4-0f4cf69a9805,attested.army,available,17.48,48.98,medium,low,8,namecheap,,,07/08/2026 15:41
5f2e0255-8370-443f-8f99-e6860023e3d2,document.army,available,15.73,31.25,high,low,8,spaceship,,,29/09/2026 16:26
d4e716f0-ffe6-4d75-b3de-5cabc999f9c9,improbable.army,available,17.48,48.98,medium,low,10,namecheap,,,21/08/2026 23:07
10f30d52-4674-460f-a264-39500ad851cd,manchurian.army,available,17.48,48.98,medium,low,10,namecheap,,,24/08/2026 14:34
be1a6f72-557f-4731-8f10-c04ea3c62b35,proteus.army,available,15.73,31.25,high,low,7,spaceship,,,02/10/2026 05:02
9d85624e-6f32-4035-bbf9-22d9fee3c996,blueberry.army,available,17.5,,high,low,9,unstoppable,,,30/09/2026 00:50
ba7619fc-e88c-461e-945d-0d97dad7c00e,laboratory.army,available,15.73,31.25,high,low,10,spaceship,,,30/09/2026 18:22
c9a73b98-4561-4e97-a41c-e3aa2946339a,contemplate.army,available,18.99,39.99,high,low,11,namesilo,,,30/09/2026 11:45
790ede5d-5a08-497a-af89-587d10b14045,bicker.army,available,18.99,39.99,medium,low,6,namesilo,,,23/09/2026 13:12
77489c60-0399-40b5-89a2-11f0ae9d4d70,added.army,available,18.99,39.99,medium,low,5,namesilo,,,27/09/2026 21:50
af7b4358-7c3c-4913-9bf5-e02b368402ab,filial.army,available,17.48,48.98,high,low,6,namecheap,,,18/08/2026 04:17
17c2ad12-ff58-4bae-818c-395f06d632a2,quiet.army,available,17.48,48.98,high,low,5,namecheap,,,24/09/2026 16:00
cfe0db4a-137c-4aec-8911-6dfcf2d3656b,averages.army,available,10.92,32.21,medium,low,8,dynadot,,,01/10/2026 00:38
756355dc-5cab-431e-a044-48a7b4110b63,astonishing.army,available,15.73,31.25,high,low,11,spaceship,,,29/09/2026 21:10
50e96f21-8f1d-4a62-b0a7-c30bf0294684,murmansk.army,available,15.73,31.25,medium,low,8,spaceship,,,02/10/2026 05:50
f90598ff-4b04-4f78-8f60-ba1c55788fd4,illusional.army,available,17.48,48.98,medium,low,10,namecheap,,,21/08/2026 20:11
42f581f7-bcb8-42bd-937b-f4295b460c5a,elephant.army,available,18.99,39.99,high,low,8,namesilo,,,25/09/2026 22:36
abd5df04-2e57-4c10-be2f-e93a88708f2a,chartres.army,available,17.5,,medium,low,8,unstoppable,,,29/09/2026 11:53
79bf8652-8690-4b17-97be-23f3156acf9b,alpinism.army,available,17.48,48.98,medium,low,8,namecheap,,,18/09/2026 14:05
8a6de1a9-666f-4b06-8031-01d5ffa89dda,dental.army,available,18.99,39.99,high,low,6,namesilo,,,22/09/2026 02:57
6a6f0cc8-0ab7-4abf-b005-ce8474d2d2ce,cuisine.army,available,17.5,39.99,high,low,7,unstoppable,,,30/09/2026 21:07
e6ced8ea-3716-46c7-9857-9ee8290b174f,ordain.army,available,17.48,48.98,high,low,6,namecheap,,,12/08/2026 22:27
3878c5a5-5c1d-4a78-be6c-10b09db51ebb,goodly.army,available,17.48,48.98,high,low,6,namecheap,,,20/08/2026 16:36
2be04b7f-e1da-44de-a363-e088661e5e06,northwood.army,available,15.73,31.25,medium,low,9,spaceship,,,02/10/2026 01:04
4df6b794-f1c6-4e2b-81ed-cc82b1e4095c,thermometer.army,available,17.5,,high,low,11,unstoppable,,,30/09/2026 03:20
7a1e70ff-d1dd-493e-944b-cb861090a10e,thaw.army,available,17.48,48.98,high,low,4,namecheap,,,24/08/2026 19:45
7d42c123-7bf9-49d2-bb64-0c52d463377c,botticelli.army,available,18.99,39.99,high,low,10,namesilo,,,18/09/2026 05:31
09850fcb-69e5-4453-9673-41d8b35ae855,hipped.army,available,17.48,48.98,medium,low,6,namecheap,,,21/08/2026 09:41
6e088682-450f-41ca-808b-9852761bb8dc,unseasoned.army,available,17.48,48.98,medium,low,10,namecheap,,,12/09/2026 18:46
c1c7d6ae-b965-4568-8cce-0541f71872fd,compulsory.army,available,17.48,48.98,high,low,10,namecheap,,,23/09/2026 18:17
76e89d96-3a0f-44e9-8833-fb75fe407a3a,finback.army,available,18.99,39.99,medium,low,7,namesilo,,,21/09/2026 20:44
31fe18b2-557f-46c1-b7e2-5fd737b0b957,apec.army,available,18.99,39.99,medium,low,4,namesilo,,,02/10/2026 08:39
75c91952-8ea5-4018-abf2-96cd90d854c4,specifics.army,available,10.92,32.21,medium,low,9,dynadot,,,29/09/2026 17:04
a0b0655f-3de9-4587-8472-4df7fd74023a,forcing.army,available,15.73,31.25,medium,low,7,spaceship,,,28/09/2026 12:56
44a4b349-1703-4446-8ba2-ddd29d7a3337,voiceless.army,available,17.48,48.98,medium,low,9,namecheap,,,05/08/2026 23:23
1928187d-3b8d-4af7-ae3a-1a45b3bbabf4,yielding.army,available,17.48,48.98,high,low,8,namecheap,,,13/09/2026 14:36
b81cb2bc-9bba-488f-a4de-e6785d0d3068,romances.army,available,18.99,39.99,medium,low,8,namesilo,,,02/10/2026 03:39
495594ed-3f82-4cfd-a027-73cc058b0190,weddings.army,available,19.99,50.99,high,low,8,name.com,,,20/09/2026 01:47
68465fb6-b2cd-4723-ac60-2aa94a2f5f6d,damages.army,available,18.99,39.99,high,low,7,namesilo,,,18/09/2026 18:40
8f7906cd-a124-40b9-9e18-3bc58dd969ce,baskets.army,available,17.5,,medium,low,7,unstoppable,,,30/09/2026 07:05
b5a3adba-21d8-4f68-86e5-dda8c2447817,vinous.army,available,17.48,48.98,medium,low,6,namecheap,,,13/09/2026 05:47
b4e90c8c-ea90-4e91-9dbb-95839fb0dbf7,extensive.army,available,17.48,48.98,medium,low,9,namecheap,,,
da7fa1ef-90ed-4e87-90ed-1d5cd88047b7,malaysian.army,available,17.48,48.98,high,low,9,namecheap,,,24/08/2026 13:46
f35d6367-6895-46b2-9551-3b05f0ee1030,olin.army,available,17.48,48.98,medium,low,4,namecheap,,,29/09/2026 04:10
766384e1-2f2b-4c8e-b325-e66d7dd7bdaa,rolling.army,available,18.99,39.99,high,low,7,namesilo,,,19/09/2026 06:51
a66c2586-a9ad-4876-8b76-caa1b68ca9e7,refrain.army,available,15.73,31.25,high,low,7,spaceship,,,28/09/2026 20:16
3955a1ce-0043-4d2b-ad27-60880bb4f9c3,miffed.army,available,,,medium,low,6,,,,
2089d24b-29b2-4eb1-a106-3d47c84759ac,trough.army,available,10.81,31.41,high,low,6,porkbun,,,30/09/2026 17:31
5b254ce1-bfe4-4278-985f-f15d813b7d52,mammoth.army,available,17.48,48.98,high,low,7,namecheap,,,18/08/2026 23:30
bd1cb89b-dc51-49eb-978a-14a66d49ea37,tub.army,available,18.99,39.99,high,low,3,namesilo,,,29/09/2026 01:33
747ddd4d-53e0-4afe-a217-99305142d129,strong.army,available,18.99,39.99,high,low,6,namesilo,,,25/09/2026 07:58
906ba7a4-a4b7-40cc-8789-d6c75076775a,delusive.army,available,17.48,48.98,medium,low,8,namecheap,,,14/08/2026 00:53
4d6058b4-abf5-4fb8-b4e6-c43af17ed970,zola.army,available,18.99,39.99,medium,low,4,namesilo,,,29/09/2026 12:10
2866fc94-2cc4-4b4d-84b6-5c66d15cc549,sanctions.army,available,18.99,39.99,medium,low,9,namesilo,,,20/09/2026 01:56
0c48f852-a9c4-4706-9c09-e7ed86e52bb5,unbowed.army,available,17.48,48.98,medium,low,7,namecheap,,,12/09/2026 02:27
24f810fd-d7d2-4f3f-ae34-8d76756a5306,swine.army,available,10.92,32.21,high,low,5,dynadot,,,29/09/2026 02:16
f263ed93-19eb-4e3f-8b63-9b71e27ed3d0,amylaceous.army,available,17.48,48.98,medium,low,10,namecheap,,,
e8160731-c723-41ca-8c4b-b41584d5a9d6,surprisingly.army,available,10.92,32.21,high,low,12,dynadot,,,01/10/2026 23:15
f5a84fae-3e64-4076-9959-cef087d58bcd,ironed.army,available,17.48,48.98,medium,low,6,namecheap,,,22/08/2026 10:04
0cc9a4e5-43c2-436a-86f5-4cc8398094ba,cornish.army,available,17.48,48.98,high,low,7,namecheap,,,13/08/2026 01:42
a4e92c02-25eb-4fb4-bfbe-9f433010300b,auc.army,available,18.99,39.99,high,low,3,namesilo,,,21/09/2026 02:37
a8b5b38a-42c0-4c04-8c8d-c93d4aff368f,banger.army,available,18.99,39.99,high,low,6,namesilo,,,22/09/2026 01:46
587fe122-d20a-4979-96b2-e7d6874b8cf4,rested.army,available,15.73,31.25,high,low,6,spaceship,,,27/09/2026 12:50
12af1df0-fbe7-4b2e-a605-a9ba8038ac01,migrate.army,available,15.73,31.25,high,low,7,spaceship,,,30/09/2026 20:34
a0474533-d17c-4674-852d-9e58397ceb37,tenacious.army,available,18.99,39.99,high,low,9,namesilo,,,19/09/2026 16:19
31323e50-fc38-429e-8e2b-c8659e10cd85,ttyl.army,available,18.99,39.99,medium,low,4,namesilo,,,02/10/2026 14:39
6a70db5d-b9a5-47c8-8771-eac7f0a35a6d,cee.army,available,10.92,32.21,high,low,3,dynadot,,,03/10/2026 03:44
06f95702-9f25-4095-a60d-bf5b80d65125,unvoiced.army,available,17.48,48.98,medium,low,8,namecheap,,,11/09/2026 03:39
a7e0d0f4-062f-4a3c-9cb8-110fc7e6180c,deane.army,available,18.99,39.99,medium,low,5,namesilo,,,28/09/2026 12:11
2d15adfb-6ea2-40e8-a1d0-5ef7a7bfe70d,folding.army,available,17.48,48.98,high,low,7,namecheap,,,24/09/2026 20:52
ff59f6b9-b174-4df2-8951-e1c5452f789a,exegetic.army,available,17.48,48.98,medium,low,8,namecheap,,,17/08/2026 16:59
1f4285eb-227d-40f2-9dcb-f9466d45821d,grief.army,available,18.99,39.99,high,low,5,namesilo,,,24/09/2026 10:39
ab585d8d-e6c0-4817-a6cc-a1e115d5e0b7,indictment.army,available,18.99,39.99,medium,low,10,namesilo,,,23/09/2026 16:05
95cf6883-1dd4-4708-9d19-fe2c361c8d5d,nubby.army,available,17.48,48.98,medium,low,5,namecheap,,,21/08/2026 11:15
2bb6f83a-f3c7-4b07-97c5-6d4a55b89171,moslem.army,available,17.48,48.98,high,low,6,namecheap,,,22/08/2026 10:47
76541b33-fd93-4f15-b8e9-d17efcb49666,wirt.army,available,30.2,30.2,high,low,4,cloudflare,,,02/10/2026 08:49
905c8800-202d-4c21-a59e-0ad383b15465,barnsley.army,available,18.99,39.99,medium,low,8,namesilo,,,30/09/2026 15:02
a320d285-e1e6-431a-a21f-483def835113,araucaria.army,available,18.99,39.99,medium,low,9,namesilo,,,20/09/2026 00:23
48490646-8963-499e-a3e5-0a276ff4021d,provable.army,available,17.48,48.98,high,low,8,namecheap,,,09/09/2026 04:24
681e1082-dccd-4382-97eb-06da46bfac83,potbelly.army,available,18.99,39.99,medium,low,8,namesilo,,,22/09/2026 17:43
69ef6055-5a40-4d75-8b6b-167ab5b3670d,through.army,available,18.99,39.99,high,low,7,namesilo,,,24/09/2026 11:40
b5d30c55-2071-40a6-b4e5-55ffbb960bc5,organizer.army,available,18.99,39.99,high,low,9,namesilo,,,20/09/2026 08:45
b79b2cd8-af8d-4a12-b2b6-328cba549ea8,minorities.army,available,15.73,31.25,medium,low,10,spaceship,,,02/10/2026 12:27
029a2d9c-0616-47f2-ac8d-8e258fc58813,bev.army,available,18.99,39.99,high,low,3,namesilo,,,30/09/2026 12:21
fd925aec-5a31-4706-82e6-6815c5ef3f9f,screen.army,available,18.99,39.99,high,low,6,namesilo,,,02/10/2026 11:38
0c44fbca-3b21-49cf-98bc-60c5dbb04d48,escalate.army,available,10.92,32.21,high,low,8,dynadot,,,02/10/2026 06:44
d7f839f6-69dd-40e4-afb1-fabdedbcf449,wyoming.army,premium,242,242,high,low,7,namesilo,,,29/09/2026 06:48
3d46f1cf-27a0-40af-8df2-6f3e0c34d180,temporary.army,available,18.99,39.99,high,low,9,namesilo,,,25/09/2026 07:53
6a3a8f1c-d510-4033-bdf7-df8e08800d45,alprazolam.army,available,18.99,39.99,medium,low,10,namesilo,,,18/09/2026 14:08
c763fc87-488d-4397-b1c0-242f2b000b31,javan.army,available,17.48,48.98,high,low,5,namecheap,,,22/08/2026 12:30
12483736-7be1-4221-9793-d37e8e6c23be,sinks.army,available,30.2,30.2,medium,low,5,cloudflare,,,30/09/2026 15:46
4ce82946-f571-4545-8d8c-f9a391082e81,hasan.army,available,17.5,,medium,low,5,unstoppable,,,02/10/2026 22:04
7c6577a9-4ec9-422f-abe3-e80c08e58bb7,unfeigned.army,available,17.48,48.98,medium,low,9,namecheap,,,12/09/2026 10:06
350f5099-2ecd-448d-8601-8b6323bb3433,pauline.army,available,17.48,48.98,high,low,7,namecheap,,,08/09/2026 10:51
4203e07e-44b3-4f12-b431-80ea6c1c47e6,prophets.army,available,15.73,31.25,high,low,8,spaceship,,,30/09/2026 10:35
10daad6d-569b-45e9-8c4a-28257ba5dbf2,restricted.army,available,15.73,31.25,high,low,10,spaceship,,,27/09/2026 13:02
6c61bf31-4bcc-42ef-b67d-0a9273dfd783,stylish.army,available,18.99,39.99,high,low,7,namesilo,,,24/09/2026 17:15
3018d363-4ad1-4122-8ed1-6262be1f178e,estimation.army,available,18.99,39.99,high,low,10,namesilo,,,19/09/2026 22:26
a06632d0-7271-4bcd-b173-756837971d33,fertility.army,available,17.48,48.98,high,low,9,namecheap,,,23/09/2026 21:05
b5d95bda-64c1-42e0-b8c1-3ccac918084a,high.army,available,18.99,39.99,high,low,4,namesilo,,,24/09/2026 13:54
6c233d88-1cc7-4cf1-9e41-dd8ec46185bc,cuckoo.army,available,17.5,,high,low,6,unstoppable,,,01/10/2026 18:47
68d0d32b-bb8f-468b-9b0c-14613361ec3c,debasement.army,available,17.48,48.98,medium,low,10,namecheap,,,17/09/2026 10:16
56665320-4ada-4373-9011-136d9a5a6b7c,bailiff.army,available,17.48,48.98,medium,low,7,namecheap,,,21/09/2026 19:06
9b2e64dc-9d15-4386-9b3c-100ac9e547c9,beguiling.army,available,18.99,39.99,high,low,9,namesilo,,,22/09/2026 01:38
fa4c16a2-bb0f-4e4f-a5c2-724e22394412,colvin.army,available,10.92,32.21,medium,low,6,dynadot,,,29/09/2026 22:39
5d4dcb4a-95dd-47a6-9825-ad899fadbe96,tnf.army,available,30.2,30.2,high,low,3,cloudflare,,,02/10/2026 06:34
ba8c4f18-ce90-42e4-9446-d90a745b0375,foxes.army,available,18.99,39.99,medium,low,5,namesilo,,,30/09/2026 14:38
10d871fa-dcfc-4630-a568-0cf8567f885e,amaranth.army,available,18.99,39.99,high,low,8,namesilo,,,18/09/2026 15:50
a65e00b2-e768-4ff3-9236-e44771b690f3,traps.army,available,18.99,39.99,high,low,5,namesilo,,,20/09/2026 04:06
81e44fd2-e01e-4d58-9f4e-8df22f7a540a,tailless.army,available,17.48,48.98,medium,low,8,namecheap,,,05/08/2026 21:33
0f2b02b2-c51c-4a70-af12-6c91222e3dc9,advise.army,available,18.99,39.99,high,low,6,namesilo,,,27/09/2026 03:36
f01d9e2e-f0fc-4ed5-90b6-19112d534f7c,quibble.army,available,18.99,39.99,medium,low,7,namesilo,,,23/09/2026 13:17
9abe37c4-3e20-44c8-a87b-67cac51ed5f3,pocketbook.army,available,18.99,39.99,high,low,10,namesilo,,,23/09/2026 16:19
2ab8a072-405f-47a7-b270-f9111b35a9fb,disease.army,available,15.73,31.25,high,low,7,spaceship,,,29/09/2026 15:40
9d730c59-c157-419c-b953-b7eb8813ae67,goddard.army,available,15.73,31.25,medium,low,7,spaceship,,,30/09/2026 01:46
8f4772d6-77d2-4a63-95b1-f9178b59b8a4,ardmore.army,available,15.73,31.25,medium,low,7,spaceship,,,01/10/2026 12:29
447ef86a-67b2-493e-bcc0-a8d4a10a94d3,credence.army,available,18.99,39.99,high,low,8,namesilo,,,16/09/2026 21:59
f7e514b1-d36d-46b0-832d-f7d7d3e8c848,ramsey.army,available,18.99,39.99,high,low,6,namesilo,,,25/09/2026 15:22
9157dd1c-6b03-4351-baf4-87e59018ad8f,oldenburg.army,available,15.73,31.25,medium,low,9,spaceship,,,29/09/2026 06:22
ac57c75d-4f40-41d7-b6e7-47be92a9bf49,anise.army,available,18.99,39.99,high,low,5,namesilo,,,19/09/2026 09:24
191b846a-f27c-4e60-86bb-03590fc0276d,stack.army,available,17.48,48.98,high,medium,5,namecheap,,,25/08/2026 00:45
abfdb087-eadd-4b43-bd5b-2ac8315df6ab,scrapbook.army,available,18.99,39.99,high,low,9,namesilo,,,02/10/2026 16:43
c3d83fac-bbfe-46fd-9e0b-99a3d26174f8,brendan.army,available,15.73,31.25,medium,low,7,spaceship,,,28/09/2026 04:01
b3de0ac9-d8a5-41ba-8241-8156e0620d15,ordinate.army,available,17.48,48.98,high,low,8,namecheap,,,12/08/2026 22:29
0c533e5d-cc06-455c-a472-b55b761ebf9a,effects.army,available,18.99,39.99,high,low,7,namesilo,,,27/09/2026 03:49
d3b2adf0-58be-4010-a650-2ba68532c7eb,higgs.army,available,17.5,,high,low,5,unstoppable,,,29/09/2026 14:20
b4e380b3-69eb-426a-9d88-82eee31e0a0e,wbc.army,available,17.5,,high,low,3,unstoppable,,,28/09/2026 14:41
ab8fd086-50e5-47b5-ae2d-99c88e6d662a,menopause.army,available,17.5,,high,low,9,unstoppable,,,30/09/2026 16:40
29af37ac-cb98-4846-a34f-def56bdb809a,brainsick.army,available,17.48,48.98,low,low,9,namecheap,,,11/08/2026 01:45
982e0980-5ff1-4e5e-99ca-8ebb72995c3b,grizzly.army,available,17.48,48.98,high,low,7,namecheap,,,20/08/2026 19:16
6f8df689-6895-41dc-bc83-6a84b2eff893,tyrant.army,available,18.99,39.99,high,low,6,namesilo,,,21/09/2026 06:08
cae96c68-b7a0-49e7-9d8e-6a2a8a7328ec,snuggle.army,available,17.48,48.98,high,low,7,namecheap,,,24/09/2026 20:12
28f40a9e-7dd8-4835-aaff-5d78b47cad25,prettily.army,available,17.48,48.98,medium,low,8,namecheap,,,15/09/2026 21:22
876319f5-e5fb-47c7-a996-25d407aeb2c8,arrears.army,available,17.48,48.98,medium,low,7,namecheap,,,20/09/2026 08:55
72c8e29e-d1fe-4794-88d7-3a429d714aa1,hypaethral.army,available,17.48,48.98,medium,low,10,namecheap,,,21/08/2026 16:39
a6382683-3adc-4c49-8d7e-a5541ca30ab1,limpkin.army,available,17.48,48.98,medium,low,7,namecheap,,,19/09/2026 23:59
b58a57e8-7e92-46fb-985e-ae2024f113b3,airstrip.army,available,17.48,48.98,high,low,8,namecheap,,,17/09/2026 23:24
c17b50c1-22ca-41f3-b50e-af4a8dd21c31,harlow.army,available,30.2,30.2,high,low,6,cloudflare,,,28/09/2026 05:57
6edc902d-9d17-4dd2-bfb1-51bd2d8d900e,essentials.army,available,30.2,30.2,high,low,10,cloudflare,,,02/10/2026 21:33
36fad101-30f1-4bb7-947c-069f30b3890e,acceleration.army,available,18.99,39.99,high,low,12,namesilo,,,30/09/2026 05:46
0b3cf84e-b416-4ac6-85fb-5965928389fb,tripartite.army,available,17.48,48.98,medium,low,10,namecheap,,,11/09/2026 14:23
26b2163a-3d8b-41cd-accf-d3decf1bb34f,schoolhouse.army,available,17.5,,high,low,11,unstoppable,,,30/09/2026 12:19
0ca22239-1bb6-44fb-bbce-a808f105c6fd,narrow.army,available,17.48,48.98,high,low,6,namecheap,,,03/09/2026 13:22
8d515d3c-884a-4e2f-aeda-cbffaa385981,excellent.army,available,18.99,39.99,high,low,9,namesilo,,,24/09/2026 15:50
bfabff0f-06ba-418d-946b-8a999a121735,reindeer.army,available,10.92,32.21,high,low,8,dynadot,,,29/09/2026 06:16
b23a4a03-691a-4666-bf88-7c991a0c9925,duty.army,available,18.99,39.99,high,low,4,namesilo,,,29/09/2026 17:13
cf207b94-311a-48b9-a2b3-bc96e09412f8,gooney.army,available,18.99,39.99,medium,low,6,namesilo,,,23/09/2026 23:44
3ab7d08f-dbb0-4b5c-a6e6-f95c4e3b49f9,sublimely.army,available,17.48,48.98,medium,low,9,namecheap,,,16/09/2026 07:34
c5cac762-99d1-44d6-b3b8-32fde4232f90,parochial.army,available,17.48,48.98,medium,low,9,namecheap,,,08/09/2026 01:46
f377630d-1166-4bff-9a32-3099c7219d16,forested.army,available,17.48,48.98,high,low,8,namecheap,,,18/08/2026 11:43
8842eb6b-530c-470a-92e6-2d7f88166a69,argue.army,available,15.73,31.25,high,low,5,spaceship,,,30/09/2026 15:18
96623dd2-a584-46ae-81fb-d521be0c87d4,territory.army,available,18.99,39.99,high,low,9,namesilo,,,29/09/2026 16:20
982b8e3e-0bbe-4988-b799-89f3c77234b8,beardless.army,available,17.48,48.98,medium,low,9,namecheap,,,09/08/2026 04:43
20dcc505-9fcb-473f-b89d-c94ce7e76dc6,detain.army,available,17.48,48.98,high,low,6,namecheap,,,24/09/2026 21:28
13aa3e54-dfba-44fe-9e0f-3e3ea04b0eef,superheroes.army,available,18.99,39.99,medium,low,11,namesilo,,,21/09/2026 05:42
439c0146-99bb-4152-98aa-ad2b2d5d8b48,asm.army,available,15.73,31.25,high,low,3,spaceship,,,30/09/2026 06:15
d4c36b61-1ab6-46ea-9ba4-7a25865c79bd,geraldine.army,available,18.99,39.99,medium,low,9,namesilo,,,28/09/2026 11:54
9bf55117-6e38-4866-8680-9fdeeb2a1e73,ossicular.army,available,17.48,48.98,medium,low,9,namecheap,,,04/09/2026 18:22
4e41c896-1eb1-420c-aab6-3a248dd900be,lugo.army,available,15.73,31.25,medium,low,4,spaceship,,,30/09/2026 13:46
3b91d925-29b1-47f6-9b50-9db0ef7fb250,bonny.army,available,17.48,48.98,medium,low,5,namecheap,,,10/08/2026 18:45
28483056-4c0a-42a9-8db8-b8efd844b47f,mohammedan.army,available,17.48,48.98,medium,low,10,namecheap,,,25/08/2026 03:23
22dfefa5-c69b-4973-bec1-9938ae35c9e3,barbet.army,available,18.99,39.99,medium,low,6,namesilo,,,22/09/2026 04:53
b1a153a6-a764-4086-af6c-a7bfdca315e7,hama.army,available,15.73,31.25,medium,low,4,spaceship,,,02/10/2026 00:52
56e9912e-adc5-4916-8384-134c1e9fa0d1,pragmatic.army,available,17.48,48.98,high,low,9,namecheap,,,21/08/2026 00:30
8a38b66b-18d6-4daa-822b-4ce147100a0d,fossorial.army,available,17.48,48.98,medium,low,9,namecheap,,,18/08/2026 13:21
ba0ed89a-2d2b-4828-ba54-0af70854095e,arb.army,available,18.99,39.99,high,low,3,namesilo,,,20/09/2026 00:31
b927654b-9cb5-4c6c-9265-7c3274f37da4,spatially.army,available,18.99,39.99,medium,low,9,namesilo,,,16/09/2026 05:56
49c19db6-fc96-4e99-b579-981945ddce51,marly.army,available,17.48,48.98,medium,low,5,namecheap,,,24/08/2026 16:08
cd230979-9406-4934-af43-0df5a964f393,consistent.army,available,17.48,48.98,high,low,10,namecheap,,,12/08/2026 16:01
84480372-0749-46a7-80fc-70df4d72c6cb,distinction.army,available,10.92,32.21,high,low,11,dynadot,,,02/10/2026 21:05
0c05cbb0-258e-4cb6-891f-95704e09428b,alimony.army,available,15.73,31.25,medium,low,7,spaceship,,,28/09/2026 20:27
15ed2ad9-4090-44f1-bfca-e4369dc7c0c9,mangold.army,available,18.99,39.99,medium,low,7,namesilo,,,23/09/2026 11:02
69336d60-4128-4e98-a059-6967e14c1e9b,angled.army,available,17.48,48.98,medium,low,6,namecheap,,,
3fd1fff5-52c3-4955-b78c-16e20c4a06f2,tunas.army,available,18.99,39.99,medium,low,5,namesilo,,,19/09/2026 22:09
3fa4730d-6806-4677-97a4-659562e0d0c1,alee.army,available,17.48,48.98,low,low,4,namecheap,,,13/09/2026 18:38
41753df3-3c6b-4154-97a2-cc798729643f,rimmed.army,available,17.48,48.98,medium,low,6,namecheap,,,09/09/2026 17:45
73a4dce6-21eb-4313-8ba3-a7e836fb7103,aesculus.army,available,18.99,39.99,medium,low,8,namesilo,,,17/09/2026 13:22
1ec1b227-2cc3-457e-99ad-42fe627d4888,vaporing.army,available,17.48,48.98,medium,low,8,namecheap,,,11/08/2026 00:58
464bf3d6-8651-455e-9465-82d144b70630,rangy.army,available,17.48,48.98,medium,low,5,namecheap,,,18/08/2026 20:13
89ef1b1a-2312-42fa-8760-11717ac6d5ad,asper.army,available,18.99,39.99,high,low,5,namesilo,,,20/09/2026 14:47
3eb3a8a4-a454-4b2d-97d6-23042563c598,arabella.army,available,18.99,39.99,medium,low,8,namesilo,,,01/10/2026 08:14
8af0d8f0-7211-439c-acff-c426332024bf,repaired.army,available,15.73,31.25,medium,low,8,spaceship,,,28/09/2026 23:01
a5aff613-1e9f-4c42-870b-5baba0ce3e04,defending.army,available,17.48,48.98,high,low,9,namecheap,,,13/08/2026 23:13
9d3c55ce-d406-44c9-aae8-c668b0cea520,cyclopean.army,available,19.99,50.99,medium,low,9,name.com,,,13/08/2026 13:51
66c35566-516f-4a05-82f4-9f2567541aa2,nag.army,available,18.99,39.99,high,low,3,namesilo,,,24/09/2026 16:35
712a9122-ac66-4669-8226-604d6e933c93,mayflower.army,available,30.2,30.2,high,low,9,cloudflare,,,30/09/2026 17:12
fb886cde-472e-4d2a-a304-947aa90621d4,rusty.army,available,17.48,48.98,high,low,5,namecheap,,,04/09/2026 18:46
17e279b9-efe6-42eb-85ce-bb9a431f82c3,coupon.army,available,17.48,48.98,high,low,6,namecheap,,,24/09/2026 18:44
14cfbbb0-7d80-4ddf-a5cf-b5899b3752d8,apologue.army,available,18.99,39.99,medium,low,8,namesilo,,,18/09/2026 10:43
21f68a43-cf6c-4729-8dc4-5b73894711da,remains.army,available,18.99,39.99,medium,low,7,namesilo,,,27/09/2026 03:27
45675996-c5a8-4f9f-b9a8-fed8cee1f00c,laban.army,available,15.73,31.25,high,low,5,spaceship,,,01/10/2026 20:14
58a2cc00-2352-469c-ae57-e8b9a6e07d27,enron.army,available,17.5,,high,low,5,unstoppable,,,30/09/2026 04:20
7d779d24-74c4-4231-b2a8-13bd5e2775e0,evangeline.army,available,17.5,,high,low,10,unstoppable,,,30/09/2026 21:10
e988c01d-1bba-4ce8-92d4-595de5d59390,assault.army,available,18.99,39.99,medium,low,7,namesilo,,,20/09/2026 15:48
c2fd55ec-9087-45a5-8530-62daf9d8c0b5,hellish.army,available,17.48,48.98,medium,low,7,namecheap,,,09/08/2026 04:59
eb073bef-cfd9-43da-aa87-0812c80a13ad,overland.army,available,17.48,48.98,high,low,8,namecheap,,,04/09/2026 20:56
e827d975-a676-4192-86ee-7fc20da685ee,robertson.army,available,18.99,39.99,high,low,9,namesilo,,,25/09/2026 09:45
af6ade9d-59dd-4c47-b029-bebe7885bd62,propane.army,available,17.5,,high,low,7,unstoppable,,,01/10/2026 21:22
d081f68e-181a-46ef-bed7-d513195a62c1,ergo.army,available,17.48,48.98,high,low,4,namecheap,,,14/09/2026 15:56
a237e27f-b86d-4c60-9e38-dff90982131e,trait.army,available,15.73,31.25,high,low,5,spaceship,,,29/09/2026 08:15
88018051-0545-452d-9c61-4844c9a5bac0,mandioca.army,available,18.99,39.99,medium,low,8,namesilo,,,23/09/2026 22:54
95def8ad-22a7-4441-a88f-1f801d3afb22,murrow.army,available,18.99,39.99,medium,low,6,namesilo,,,03/10/2026 00:35
e357cb81-b853-4caf-bf53-0167334d22b5,angevin.army,available,18.99,39.99,medium,low,7,namesilo,,,19/09/2026 06:06
0135cb93-f086-4cd3-9edb-b50fb0fed818,cries.army,available,10.81,31.41,low,low,5,porkbun,,,28/09/2026 08:31
e7be2a8c-277a-4d17-a67e-e4da44cdea79,abrupt.army,available,17.48,48.98,high,low,6,namecheap,,,
75f0e1c0-57bd-4ed7-8016-7acae6507a5c,dearie.army,available,19.99,50.99,high,low,6,name.com,,,13/08/2026 18:19
2fb297a8-ec65-4a42-9188-9f444afadb7a,natick.army,available,18.99,39.99,medium,low,6,namesilo,,,02/10/2026 08:03
30d7fea2-18f2-4873-8d80-f50292430c7d,extinct.army,available,17.48,48.98,high,low,7,namecheap,,,17/08/2026 19:11
a47c8e68-39ac-44aa-83af-c3844988a76d,weekends.army,available,17.48,48.98,high,low,8,namecheap,,,20/09/2026 22:23
fd7dbf58-2517-448a-b764-b896474f6ed9,wiping.army,available,15.73,31.25,high,low,6,spaceship,,,01/10/2026 06:02
8300533a-1b57-4193-931a-cb41f181cd54,absorption.army,available,17.48,48.98,high,low,10,namecheap,,,16/09/2026 18:19
43d07a37-0f50-4a8d-9b8d-1e44ddd5c459,wrenching.army,available,17.48,48.98,medium,low,9,namecheap,,,09/09/2026 09:27
c0014e6c-2887-48de-80ab-594f60bad630,niffy.army,available,17.48,48.98,low,low,5,namecheap,,,03/09/2026 17:10
b061166b-af5d-4ca1-93e0-8e67148a81ee,grades.army,available,18.99,39.99,high,low,6,namesilo,,,27/09/2026 11:23
497d5098-4662-4747-9b35-2346c16bf718,transient.army,available,17.48,48.98,high,low,9,namecheap,,,24/09/2026 14:26
b50fd6cb-d970-4193-9927-584ec4690fc0,nutritious.army,available,18.99,39.99,high,low,10,namesilo,,,19/09/2026 11:02
fe51dd7e-61c7-469a-a657-6d936e74f79c,forks.army,available,30.2,30.2,medium,low,5,cloudflare,,,29/09/2026 05:49
fffba97e-13db-48af-9237-74eaf75361b3,schizoid.army,available,17.48,48.98,medium,low,8,namecheap,,,09/09/2026 23:09
470fef5c-b6af-4f7f-a3a7-73e69046c513,spaces.army,available,18.99,39.99,high,low,6,namesilo,,,02/10/2026 20:47
c4c149e1-3272-4d6c-bed1-0bbaa5148ed4,jennings.army,available,17.48,48.98,high,low,8,namecheap,,,25/09/2026 19:32
a9a32e09-e5a0-44af-b5e1-c6d462deed17,extract.army,available,18.99,39.99,high,low,7,namesilo,,,28/09/2026 14:05
bac1f38d-c471-4b0b-ade0-6765b3ca5d9c,aurorean.army,available,17.48,48.98,medium,low,8,namecheap,,,07/08/2026 18:12
4de38353-2ffb-48ae-8891-0b230c851a32,ranked.army,available,17.48,48.98,high,low,6,namecheap,,,20/08/2026 17:38
770449e3-112b-4f40-959e-413d8914e29f,journalist.army,available,18.99,39.99,high,low,10,namesilo,,,27/09/2026 12:59
b9100a25-cda4-4e7d-8542-4128c0f4df9d,rampage.army,available,17.5,,high,low,7,unstoppable,,,02/10/2026 06:10
a970e89e-8fac-4ba5-8bbb-6f237d90d3c9,bloodshot.army,available,17.48,48.98,medium,low,9,namecheap,,,10/08/2026 15:21
099d0132-cb27-4952-bcd8-ea200c1a6dc1,parenteral.army,available,17.48,48.98,medium,low,10,namecheap,,,08/09/2026 01:19
7cf56d40-4946-4405-997b-bc5e0229bf91,vaux.army,available,18.99,39.99,high,low,4,namesilo,,,01/10/2026 01:15
adc6266a-a1a6-4b47-a1df-99760307731e,having.army,available,15.73,31.25,high,low,6,spaceship,,,01/10/2026 01:15
1dd308b4-cf39-414d-bd4a-df5e0b86a4e5,cytokines.army,available,18.99,39.99,low,low,9,namesilo,,,29/09/2026 06:01
a64c147c-cce0-4d84-894c-c48d9d65e96d,sedan.army,available,17.5,,medium,low,5,unstoppable,,,01/10/2026 03:37
2e7a995a-a0c7-4d32-965d-da85364ec578,chiang.army,available,18.99,39.99,medium,low,6,namesilo,,,25/09/2026 16:34
f0a08e58-8c00-4342-85d4-3d0d87d189a3,diss.army,available,18.99,39.99,medium,low,4,namesilo,,,17/09/2026 14:55
d71ed804-d41e-494c-b651-bafe8cb4d26a,niches.army,available,18.99,39.99,medium,low,6,namesilo,,,20/09/2026 09:56
e504b417-a709-442c-93ab-adc1f702fb5e,cocteau.army,available,10.92,32.21,medium,low,7,dynadot,,,02/10/2026 14:42
4546a212-6a7c-4bc1-96c3-92488fc76f63,anhydrous.army,available,17.48,48.98,medium,low,9,namecheap,,,
5f040cf9-607a-4913-b8a8-a0c6cd3513b2,advocated.army,available,10.92,32.21,high,low,9,dynadot,,,02/10/2026 21:39
0e8b94fb-d2e5-4cb5-bcd5-2a2b4b9e27ec,trier.army,available,18.99,39.99,medium,low,5,namesilo,,,21/09/2026 01:21
cfcc80ce-33df-4cdb-9a60-670316e8e8cb,coworkers.army,available,17.5,,medium,low,9,unstoppable,,,02/10/2026 03:43
178b5509-37d7-46e6-86c2-151692f1d1f4,contacts.army,available,17.48,48.98,medium,low,8,namecheap,,,19/09/2026 20:06
fa488630-d83b-4c4e-8b5a-dafa5667b5d6,filtration.army,available,10.92,32.21,high,low,10,dynadot,,,01/10/2026 19:32
3f85fbe3-0f37-49ca-9b78-001705837c18,profile.army,available,10.92,32.21,high,low,7,dynadot,,,30/09/2026 07:33
ef39e0ea-8048-49b9-9493-b0b0a3659b67,milton.army,available,18.99,39.99,high,low,6,namesilo,,,28/09/2026 10:12
e46bea49-ab56-481e-9723-a208eb444c0d,monotone.army,available,17.48,48.98,high,low,8,namecheap,,,25/08/2026 05:25
1ccfc6e1-00ca-4f0a-a86b-e8b68cae0c1d,undaunted.army,available,17.48,48.98,high,low,9,namecheap,,,12/09/2026 07:00
b25b45a2-b6c3-43d8-bef2-57d59ff00cb9,encounters.army,available,18.99,39.99,medium,low,10,namesilo,,,29/09/2026 17:37
1163770c-283d-4af8-92b9-0d4ed12e799b,yogic.army,available,17.48,48.98,medium,low,5,namecheap,,,13/09/2026 14:41
b3853eb1-6513-4d45-9a3a-a79a271e58aa,yamato.army,available,15.73,31.25,high,low,6,spaceship,,,30/09/2026 13:00
8da95885-a597-48d3-affa-8f5bbc5f79d9,ich.army,available,17.48,48.98,high,low,3,namecheap,,,01/10/2026 23:48
4468510e-7576-4e0b-a519-1fb9fbc17e97,bap.army,available,18.99,39.99,high,low,3,namesilo,,,22/09/2026 03:20
26ab9b32-941d-4284-8e79-80ce0d6055c0,deployment.army,premium,68.51,68.51,high,low,10,spaceship,,,29/09/2026 18:37
caaee60a-1b81-4884-a2c7-ce36f4ca1c68,dataflows.army,available,18.99,39.99,low,low,10,namesilo,,,21/09/2026 05:22
bbe56ba9-0583-4cd9-9d8f-60708a5e8146,organiser.army,available,18.99,39.99,high,low,9,namesilo,,,20/09/2026 08:46
d0c08065-fac3-4c02-a30c-61d1066a611f,parcel.army,available,18.99,39.99,high,low,6,namesilo,,,24/09/2026 11:15
59a7c944-8b80-4d37-adff-eb56b9a30c85,shepherd.army,available,17.5,,high,low,8,unstoppable,,,28/09/2026 03:05
f696d6fc-25fb-4582-92d0-b6cd19793c15,composition.army,available,10.81,31.41,medium,low,11,porkbun,,,28/09/2026 22:45
48527f19-c4da-4d22-9a79-49ebfd167a4f,grieving.army,available,17.48,48.98,medium,low,8,namecheap,,,09/08/2026 15:07
1d9304c5-d682-4fd5-98d7-2aa0b629394f,track.army,available,17.48,48.98,high,medium,5,namecheap,,,24/09/2026 02:07
7b38fd9b-14da-424e-b96d-e373426a199c,slump.army,available,18.99,39.99,medium,low,5,namesilo,,,30/09/2026 09:25
e0fa5867-7858-4852-984c-6bc18b5e7576,skipper.army,available,18.99,39.99,high,low,7,namesilo,,,28/09/2026 03:03
24e7df01-195a-48da-84fe-d32884d9db06,confines.army,available,19.99,50.99,high,low,8,name.com,,,24/09/2026 17:13
29534033-d84d-412d-982b-b22c393d78ca,improperly.army,available,17.48,48.98,medium,low,10,namecheap,,,15/09/2026 04:32
c2224fd4-4ebd-4828-a213-60754cca2542,pra.army,available,15.73,31.25,high,low,3,spaceship,,,30/09/2026 22:14
55b26c8a-4c31-4154-8e9c-a719e7fda1df,tractors.army,available,18.99,39.99,medium,low,8,namesilo,,,21/09/2026 06:24
185ecc04-c610-4c0b-baa5-aa4fe71d2613,ricardo.army,available,18.99,39.99,high,low,7,namesilo,,,25/09/2026 04:47
4baefefc-f946-4e85-b0fc-aa6e4a4d492e,slopes.army,available,30.2,30.2,medium,low,6,cloudflare,,,30/09/2026 07:04
ec15e929-7901-4147-925d-7289215be116,yersin.army,available,18.99,39.99,medium,low,6,namesilo,,,18/09/2026 05:59
25c13c2e-bc15-457a-9d14-6ad902dedb86,tertiary.army,available,17.48,48.98,medium,low,8,namecheap,,,
9a72414a-901b-4f88-9d00-1bcf576d1923,unjust.army,available,17.48,48.98,medium,low,6,namecheap,,,22/08/2026 03:49
26d591a2-f65a-4bde-ba10-2b3422f27319,chloride.army,available,10.81,31.41,high,low,8,porkbun,,,30/09/2026 09:09
8d03263a-1deb-4c58-a599-4ffde78c63f9,starry.army,available,17.48,48.98,high,low,6,namecheap,,,10/09/2026 18:58
dfbb6d92-0c5a-4618-bde9-f5194f757360,unreleased.army,available,17.48,48.98,medium,low,10,namecheap,,,12/09/2026 18:08
6e48eee6-bb0b-46d4-b973-85759b948af4,retailer.army,available,18.99,39.99,high,low,8,namesilo,,,30/09/2026 02:33
e4134033-4074-42b0-a223-87781ea6ac00,shrink.army,available,30.2,30.2,high,low,6,cloudflare,,,28/09/2026 01:56
4a2cb97b-d2c9-4c9d-a9bd-4e98f8e55a3c,hughes.army,available,18.99,39.99,high,low,6,namesilo,,,25/09/2026 04:10
2787ba79-ebda-4909-aa8d-d9ee96ca2205,ripon.army,available,15.73,31.25,high,low,5,spaceship,,,29/09/2026 16:21
04e18880-5740-43ce-a1cf-6b6a5489d923,heritable.army,available,17.48,48.98,medium,low,9,namecheap,,,21/08/2026 07:08
61aa8c2f-b061-4517-8939-3292a91f3de9,gilman.army,available,18.99,39.99,medium,low,6,namesilo,,,28/09/2026 09:22
5df03694-c682-49de-b45e-cc1ac0de3093,starved.army,available,17.48,48.98,medium,low,7,namecheap,,,17/08/2026 13:45
8bc05688-8f84-4d99-9bad-c649c81b25c4,executable.army,available,17.48,48.98,high,low,10,namecheap,,,17/08/2026 16:50
c76777cc-a6d0-42e3-8f42-c3fd1ace0058,finical.army,available,17.48,48.98,medium,low,7,namecheap,,,18/08/2026 04:56
3f08fcf8-491b-49f7-803d-5695cfc1a386,assorted.army,available,17.48,48.98,medium,low,8,namecheap,,,07/08/2026 07:25
b1829d2a-6433-4e3c-83a2-b1f452fca442,caucasian.army,available,17.48,48.98,high,low,9,namecheap,,,11/08/2026 22:16
41ae846c-e40d-4ec2-bc1c-22c8c2af9d28,become.army,available,15.73,31.25,high,low,6,spaceship,,,30/09/2026 15:37
32cf22de-0cc7-4320-b6c2-6dcb794f4c29,bombast.army,available,17.48,48.98,medium,low,7,namecheap,,,24/09/2026 03:35
c1e96db1-6d2e-4949-ba2b-c73423a694ec,corners.army,available,10.92,32.21,low,low,7,dynadot,,,28/09/2026 08:44
dd8b2953-561d-4f0d-a29a-f084eaae6c5b,melted.army,available,17.48,48.98,high,low,6,namecheap,,,23/08/2026 23:37
09f4d08c-e776-4201-b540-0724ab853bd5,suspension.army,available,10.92,32.21,high,low,10,dynadot,,,28/09/2026 16:59
6c38fdd7-ca6c-46f4-8358-c69836d0f310,mun.army,available,30.2,30.2,high,low,3,cloudflare,,,03/10/2026 02:53
74f1e028-6d56-4978-9c80-e2056d875d7d,smuts.army,available,15.73,31.25,medium,low,5,spaceship,,,02/10/2026 05:27
2a5102a9-e5de-43f8-ab57-0aa1d20580d9,natation.army,available,17.48,48.98,medium,low,8,namecheap,,,18/08/2026 08:34
26e8056f-3a61-4b6c-bb6d-8fe81bfaab45,globally.army,available,17.48,48.98,high,low,8,namecheap,,,14/09/2026 21:41
14de055f-ff13-4162-b2ba-637a9ff88be3,suggesting.army,available,15.73,31.25,high,low,10,spaceship,,,27/09/2026 17:56
20bf9b78-2c9c-4bf2-830c-4643ad2c687d,rossetti.army,available,18.99,39.99,medium,low,8,namesilo,,,30/09/2026 01:13
20df96f4-29f0-4105-a582-0a6ca2b30174,termed.army,available,18.99,39.99,medium,low,6,namesilo,,,19/09/2026 00:21
a5e790e4-2346-4036-9a88-dae2d6c3de2e,mounted.army,available,17.48,48.98,high,low,7,namecheap,,,25/08/2026 08:34
05584c34-424d-4dc4-acf7-3da892dcdf1b,poorly.army,available,18.99,39.99,medium,low,6,namesilo,,,25/09/2026 07:34
f6c15a51-6d5c-44f8-820d-b4b65c9f84c3,contorted.army,available,17.48,48.98,medium,low,9,namecheap,,,12/08/2026 23:22
8a1ff039-cff0-4188-95c3-068a41e7af56,flags.army,available,17.5,,high,low,5,unstoppable,,,02/10/2026 07:17
19a42cdf-4294-45df-ba94-e1e7ba5d27ab,bookmark.army,available,18.99,39.99,high,low,8,namesilo,,,24/09/2026 07:12
4fd52a7e-8694-4f3a-9a28-7c87056e414c,freestyle.army,available,18.99,39.99,high,low,9,namesilo,,,30/09/2026 17:23
d258134b-6aef-41d4-80b1-6f630809ba58,bellhop.army,available,17.48,48.98,high,low,7,namecheap,,,23/09/2026 06:01
5309483d-bb31-4410-99af-b1e6c6fff7f4,abnormal.army,available,18.99,39.99,high,low,8,namesilo,,,21/09/2026 14:04
caa70b9f-b3db-440f-9a29-593157f67245,peppy.army,available,17.48,48.98,high,low,5,namecheap,,,08/09/2026 15:44
bdf99a01-b98b-4e01-820a-1fee78e92ffe,vehicle.army,available,17.5,39.99,high,low,7,unstoppable,,,02/10/2026 10:48
798a0d34-9c71-4241-acde-82ccc7d0816a,bahia.army,available,17.48,48.98,medium,low,5,namecheap,,,27/09/2026 18:32
21bee7b3-98f3-4f3d-8bfd-44adcd45388b,portland.army,premium,242,242,high,low,8,namesilo,,,30/09/2026 07:12
b3a5e414-4cec-4cb4-ae1c-3310fedf4dfd,stead.army,available,17.5,,medium,low,5,unstoppable,,,01/10/2026 20:20
a0205339-73c5-4e3c-8862-67cd418acaf0,curled.army,available,17.48,48.98,medium,low,6,namecheap,,,13/08/2026 11:19
4a213a2c-78cc-4775-8d21-70840fff04dd,cashier.army,available,18.99,39.99,high,low,7,namesilo,,,22/09/2026 02:24
1560bb2d-5ab0-4c4c-a691-4dedde3102c1,supermodel.army,available,15.73,31.25,high,low,10,spaceship,,,30/09/2026 12:30
977be3ce-aae7-4a9d-9de0-2893601c1341,operable.army,available,17.48,48.98,medium,low,8,namecheap,,,04/09/2026 16:20
bdd5c5cf-809d-47f5-918d-f433df735424,pencilled.army,available,17.48,48.98,medium,low,9,namecheap,,,08/09/2026 13:59
79c14ace-0282-49b5-8ea7-b00f5e562d57,securely.army,available,17.48,48.98,high,low,8,namecheap,,,16/09/2026 00:50
2f40a889-ef0f-4066-8dc9-ad660cd37b00,turquoise.army,available,18.99,39.99,high,low,9,namesilo,,,19/09/2026 22:52
104c0fb9-344d-44ee-a77a-4acf2a3c4cb0,aioli.army,available,17.48,48.98,high,low,5,namecheap,,,17/09/2026 21:30
a24f4814-305f-4189-9e39-caa43924751d,overflow.army,available,18.99,39.99,high,low,8,namesilo,,,30/09/2026 06:17
86d83165-a9a1-4745-9165-46c031b19024,sodomy.army,available,19.99,50.99,medium,low,6,name.com,,,19/09/2026 01:34
d564bc79-4040-48c3-b180-0eb6f4585506,hereto.army,available,17.48,48.98,medium,low,6,namecheap,,,15/09/2026 00:34
87f81b07-4cdc-4093-b379-cceec62b794c,spacetravel.army,available,19.99,,high,low,12,name.com,,,
d51c870b-4b07-469c-a746-0aa5ef8024b1,gladys.army,available,18.99,39.99,medium,low,6,namesilo,,,26/09/2026 03:41
19ddbdd6-cbf7-4dee-9621-7c968a5edd1a,attributes.army,available,17.5,,medium,low,10,unstoppable,,,01/10/2026 00:07
e064a375-c60a-45bf-a795-5cc83d1cb37a,hazard.army,available,17.5,,medium,low,6,unstoppable,,,28/09/2026 18:59
15a101af-55fd-459c-8b96-7ae5dd7f412b,purpura.army,available,10.92,32.21,medium,low,7,dynadot,,,03/10/2026 01:46
60d58754-c491-4c69-b6f8-59483067d902,insane.army,available,17.48,48.98,medium,low,6,namecheap,,,21/08/2026 00:58
813feec5-e17a-471a-82de-4ec2f87569f2,tocqueville.army,available,17.48,48.98,medium,low,11,namecheap,,,02/10/2026 20:35
370868eb-ad1e-468b-998a-0842e4094a4a,seagull.army,available,17.5,,high,low,7,unstoppable,,,30/09/2026 10:42
b7a51239-6ce6-45b3-8268-2dea4b96aa2d,mackinnon.army,available,18.99,39.99,medium,low,9,namesilo,,,30/09/2026 04:33
43848f25-d665-4dfa-ba86-a149477e42e7,orbit.army,available,17.48,48.98,high,medium,5,namecheap,,,18/09/2026 16:49
34f8caa9-dfb0-4c73-a0f3-402a5e90e393,instances.army,available,18.99,39.99,medium,low,9,namesilo,,,30/09/2026 23:59
00249960-ec9a-4de8-a9da-fba4483f5797,crackling.army,available,17.48,48.98,high,low,9,namecheap,,,13/08/2026 04:27
955f45ce-3a54-4629-b57a-410231d91bdf,burner.army,available,17.5,,high,low,6,unstoppable,,,29/09/2026 11:49
2663fb2f-7f40-43c2-8510-ad9944cf10f4,crabby.army,available,17.48,48.98,medium,low,6,namecheap,,,08/08/2026 07:43
f1aadc37-0a1e-49a2-ba07-ac1585ca5eaa,adoptive.army,available,17.48,48.98,high,low,8,namecheap,,,
9d0f899f-cb67-430c-822c-8bfbcafa667d,panipat.army,available,18.99,39.99,medium,low,7,namesilo,,,22/09/2026 15:36
af814968-b043-49f7-8f9c-0894c0943c75,mtdna.army,available,30.2,30.2,high,low,5,cloudflare,,,01/10/2026 15:59
425f2a1c-d210-4898-9519-0aec032e1e75,cheated.army,available,17.48,48.98,medium,low,7,namecheap,,,01/10/2026 23:09
760b982f-1fe2-4633-b00c-3ead316e5be3,roa.army,available,18.99,39.99,medium,low,3,namesilo,,,02/10/2026 22:07
697816fb-1e1d-4c70-b816-acd0efa5cf51,flourishing.army,available,18.99,39.99,high,low,11,namesilo,,,01/10/2026 22:26
e913a0ad-f70c-4b9e-b47e-88b69d50c4be,racket.army,available,18.99,39.99,medium,low,6,namesilo,,,28/09/2026 14:13
f093b169-6ddc-495d-b4e4-6c0851c5fdeb,antlered.army,available,17.48,48.98,medium,low,8,namecheap,,,05/08/2026 20:11
affcef54-ad33-41cd-a2e3-0701891ccd9b,atkinson.army,available,17.48,48.98,high,low,8,namecheap,,,25/09/2026 17:41
3526829c-f42b-4509-adc1-55889b0b3391,bbl.army,available,17.48,48.98,high,low,3,namecheap,,,22/09/2026 18:32
81d4801f-1bc8-472e-96f4-b07de6b0509b,aborted.army,available,18.99,39.99,medium,low,7,namesilo,,,01/10/2026 12:58
642bdab3-2721-42df-b576-07fa1af40852,liable.army,available,15.73,31.25,high,low,6,spaceship,,,01/10/2026 02:02
ebd457e2-afca-4399-9895-961cbfd081ae,gabriele.army,available,10.92,32.21,medium,low,8,dynadot,,,30/09/2026 21:12
330c7bd3-1d1e-40a0-b265-d85511b84e73,andrews.army,available,18.99,39.99,high,low,7,namesilo,,,19/09/2026 04:49
a345b359-1c5d-46e4-95af-61340dfce770,velvety.army,available,17.48,48.98,high,low,7,namecheap,,,13/09/2026 02:00
b0165948-3d38-426b-8b61-4c74bda88a25,slavic.army,available,17.48,48.98,high,low,6,namecheap,,,10/09/2026 10:36
c0fd0c32-eb13-4b1a-ba7b-386b559f7ec7,mislabeled.army,available,17.48,48.98,medium,low,10,namecheap,,,25/08/2026 01:21
1732e18b-634c-4cc7-bca5-c20bf946421f,bauxite.army,available,18.99,39.99,medium,low,7,namesilo,,,22/09/2026 16:42
0ce8fcbe-601b-4ffd-ac1e-371c92136f1e,joao.army,available,15.73,31.25,medium,low,4,spaceship,,,02/10/2026 10:59
e4e6f17d-5441-4fe6-8423-b945c93559e6,unbound.army,available,17.48,48.98,high,low,7,namecheap,,,12/09/2026 02:25
dcaa8be9-fd12-4e12-86b1-21e278cd1850,exaggerate.army,available,10.92,32.21,high,low,10,dynadot,,,30/09/2026 19:19
7b96789b-003c-4ea4-95ef-f1f99c8929f8,spirally.army,available,18.99,39.99,medium,low,8,namesilo,,,16/09/2026 06:13
becbc000-86fd-4ef5-876c-5841e4580715,abstention.army,available,17.48,48.98,medium,low,10,namecheap,,,16/09/2026 18:27
3fbcd4b2-ac53-45c9-bade-2badf72bc6b6,switchboard.army,available,15.73,31.25,high,low,11,spaceship,,,01/10/2026 05:46
ba27d86a-d247-4abb-ba35-ec49b994b313,fars.army,available,30.2,30.2,medium,low,4,cloudflare,,,30/09/2026 13:45
a767ee29-c7be-4c66-b53c-5e40aef298c9,grapes.army,available,17.5,,high,low,6,unstoppable,,,28/09/2026 12:35
322e7055-7556-4b2b-811d-53d11ce52c3b,opened.army,available,17.48,48.98,high,low,6,namecheap,,,04/09/2026 16:13
3ec6e99b-d9e5-4a6c-ac0a-76aaea115d3b,monika.army,available,15.73,31.25,high,low,6,spaceship,,,03/10/2026 04:59
4364036f-1912-4e06-86dd-fdd30bb14947,intimal.army,available,17.48,48.98,medium,low,7,namecheap,,,22/08/2026 08:28
976e39ae-b58a-4e37-af3d-598af431567b,bark.army,available,17.48,48.98,high,low,4,namecheap,,,22/09/2026 06:15
36fbad48-15d9-439a-8454-6842654a92da,fleetwood.army,available,18.99,39.99,medium,low,9,namesilo,,,28/09/2026 16:46
b48deede-2c87-4c9b-b458-057a69bba4e4,rarefy.army,available,17.48,48.98,medium,low,6,namecheap,,,07/08/2026 15:31
62c4ffa7-2c34-4035-b09c-a89f1ba05296,drying.army,available,17.48,48.98,high,low,6,namecheap,,,16/09/2026 09:24
6154186d-191e-4c20-89c8-5ed25db2a141,clink.army,available,17.48,48.98,medium,low,5,namecheap,,,08/09/2026 22:47
8a07f17f-5178-46cd-bed2-ce6808848b1f,bahasa.army,available,18.99,39.99,medium,low,6,namesilo,,,21/09/2026 18:41
d7d54888-e915-4cb4-84f2-4df3ab6b5c18,submission.army,available,18.99,39.99,high,low,10,namesilo,,,29/09/2026 07:36
75ded57b-f234-41d1-8317-32581459ccab,pedantic.army,available,17.48,48.98,medium,low,8,namecheap,,,14/08/2026 15:55
4c7b1598-acf3-4469-a11e-1c5d94c62225,june.army,available,18.99,39.99,high,low,4,namesilo,,,30/09/2026 01:07
6eb9cd7f-e311-4f0b-86e1-129e273c2a2b,awful.army,available,18.99,39.99,high,low,5,namesilo,,,22/09/2026 15:06
d3b2f4a7-9eb2-4790-bf45-c49e87aecde5,harassing.army,available,18.99,39.99,medium,low,9,namesilo,,,30/09/2026 12:18
511ebffe-93fa-4d8c-a697-102a908f2926,terrestrial.army,available,18.99,39.99,high,low,11,namesilo,,,03/10/2026 02:43
ff968fce-4ffc-44f6-a69a-f4f4fc76f7ba,prompts.army,available,18.99,39.99,high,medium,7,namesilo,,,20/09/2026 08:06
07a501ed-5324-4ff0-a974-c1418a90f2a9,prosecuted.army,available,18.99,39.99,low,low,10,namesilo,,,29/09/2026 17:43
7a5c5c62-e7f9-49b8-8a38-a7fe79b1defd,indulgence.army,available,17.48,48.98,high,low,10,namecheap,,,05/09/2026 00:24
e76bf747-bca6-4edc-94f3-84df3288d5ac,aphonic.army,available,17.48,48.98,medium,low,7,namecheap,,,05/08/2026 23:17
221cd8da-1cbc-4965-badc-992f2eadf156,macabre.army,available,17.48,48.98,medium,low,7,namecheap,,,18/08/2026 23:19
e62e00fe-84c6-48c6-a0d6-a06ad6d9a36a,amend.army,available,17.48,48.98,high,low,5,namecheap,,,01/10/2026 03:26
9b2f64df-a2ac-494a-ac2e-d593111f5ff4,limbo.army,available,17.48,48.98,high,low,5,namecheap,,,29/09/2026 19:33
dec60041-4900-436e-b5d5-c54d2bba6c20,pattison.army,available,30.2,30.2,medium,low,8,cloudflare,,,01/10/2026 10:31
8a04aa1e-9e07-48f1-a182-df1f9e6f609b,lifelong.army,available,17.48,48.98,high,low,9,namecheap,,,02/10/2026 11:31
0fe2fe90-717c-4731-a5c2-ff6911e21bcc,aimee.army,available,18.99,39.99,medium,low,5,namesilo,,,02/10/2026 02:35
cb05a3b7-dd2b-4d95-b1fe-153c98051f3b,criticise.army,available,15.73,31.25,high,low,9,spaceship,,,30/09/2026 18:08
1171ace3-208d-410f-91fe-dc69d8ae62b4,murky.army,available,17.48,48.98,medium,low,5,namecheap,,,25/08/2026 01:08
15c1cf98-9d6a-4698-8b90-583f882c2b83,competing.army,available,18.99,39.99,high,low,9,namesilo,,,01/10/2026 10:19
0d461aee-f516-4b3e-977e-a1be9d34047a,aerialist.army,available,19.99,50.99,medium,low,9,name.com,,,17/09/2026 12:50
32fc1f52-d925-402e-9661-6721157a30ed,greenhouse.army,available,17.48,48.98,high,low,10,namecheap,,,20/08/2026 19:51
7d8347a5-6432-4d20-905b-e3bb23ddfc19,labyrinth.army,available,17.5,,high,low,9,unstoppable,,,01/10/2026 20:02
50b00ec5-ae13-4d73-9eb9-6305e6add833,presage.army,available,17.48,48.98,medium,low,7,namecheap,,,09/09/2026 02:57
7ed26cc9-a827-4c62-87de-f7ade32c9dd8,hedged.army,available,17.48,48.98,medium,low,6,namecheap,,,21/08/2026 05:50
00512c10-f830-49ec-bd42-21713818b29c,geological.army,available,17.48,48.98,high,low,10,namecheap,,,18/08/2026 22:28
66f9c655-b857-4362-aead-9ce8f556ba88,herd.army,available,18.99,39.99,high,low,4,namesilo,,,24/09/2026 19:45
4ad8be91-24f2-4fc5-8871-a3ad4a273857,degeneration.army,available,17.48,48.98,medium,low,12,namecheap,,,02/10/2026 11:07
21c887a4-9f29-4381-9e84-1b498d443b40,insult.army,available,18.99,39.99,high,low,6,namesilo,,,17/09/2026 14:53
1af71ce7-5731-44dd-a450-e0287d796414,prescriptions.army,available,15.73,31.25,medium,low,13,spaceship,,,01/10/2026 18:41
be0440f1-c1dd-4c70-99a7-53a085b12581,hardest.army,available,18.99,39.99,low,low,7,namesilo,,,28/09/2026 12:52
ab25c8c8-e642-42de-8471-a4dcf51d6b9e,latch.army,available,30.2,30.2,high,low,5,cloudflare,,,30/09/2026 09:22
4d8bf5b4-8538-41e7-90d0-bf69f6a04022,anomaly.army,available,18.99,39.99,high,low,7,namesilo,,,19/09/2026 11:28
8895af26-8a1f-4fd4-bc4a-bc54b1f774bd,manycore.army,available,17.48,48.98,medium,low,8,namecheap,,,17/09/2026 08:17
c9186bde-f585-4a82-9d9e-eb115be68c78,polyvalent.army,available,17.48,48.98,medium,low,10,namecheap,,,08/09/2026 23:35
673fde40-40b1-405d-8263-5cce4ef251f0,kilmarnock.army,available,18.99,39.99,high,low,10,namesilo,,,01/10/2026 07:24
20bd9b17-82e9-45e5-8ea3-b906e6e9d2bf,excellency.army,available,18.99,39.99,high,low,10,namesilo,,,29/09/2026 00:51
a2e98711-4296-45da-ab90-9e50df12890e,stinky.army,available,17.48,48.98,high,low,6,namecheap,,,13/08/2026 05:18
6013c225-1f48-4647-9778-93178d866f4d,smog.army,available,18.99,39.99,high,low,4,namesilo,,,02/10/2026 06:26
3e37d7dd-b44a-4257-a114-96ac5d433073,beggar.army,available,18.99,39.99,medium,low,6,namesilo,,,23/09/2026 02:08
03784424-90b2-4529-9220-d98bb3b14ce2,cheerfully.army,available,15.73,31.25,high,low,10,spaceship,,,28/09/2026 13:48
0d3d45bc-6846-4c97-aaf6-bc4c298d0027,fairbanks.army,premium,,,medium,low,9,,,,30/09/2026 01:22
e15d6275-3785-4a72-86c1-c79de7b60701,resonator.army,available,30.2,30.2,high,low,9,cloudflare,,,02/10/2026 14:37
61ad5f6e-04d4-4f7a-a7f1-4f8cdeefda7e,maturate.army,available,17.48,48.98,medium,low,8,namecheap,,,24/08/2026 17:31
fc8a7ec5-2ec2-4b36-86b0-4a308be27278,chadwick.army,available,18.99,39.99,medium,low,8,namesilo,,,28/09/2026 08:16
7ac90425-1c0f-43a1-802b-52bb2c14fd13,sanford.army,available,18.99,39.99,medium,low,7,namesilo,,,25/09/2026 16:16
a33064bd-dc7d-444d-9c47-a4f82ab8969e,apc.army,available,17.48,48.98,high,low,3,namecheap,,,19/09/2026 16:23
ae8ae45d-207e-458f-abb4-b2914ed45a70,trot.army,available,18.99,39.99,high,low,4,namesilo,,,01/10/2026 02:54
46a6fcd9-119b-4d3f-8688-2b832a115bbf,menopausal.army,available,17.48,48.98,medium,low,10,namecheap,,,24/08/2026 20:15
9f2dfded-f6a3-45cc-991f-254a1e0c2da7,silvery.army,available,17.48,48.98,high,low,7,namecheap,,,06/08/2026 17:56
a8fa36c3-0498-4353-9342-356422653caf,archdeacon.army,available,18.99,39.99,medium,low,10,namesilo,,,20/09/2026 01:53
f4dbc95e-7a92-40bf-b046-63755ed95d2c,misconception.army,available,30.2,30.2,medium,low,13,cloudflare,,,02/10/2026 11:17
9c911a24-5d46-4dfc-a158-65739dafea21,accompanying.army,available,15.73,31.25,medium,low,12,spaceship,,,29/09/2026 06:23
0bf3d9b8-6816-4644-a6a0-441137fc62a8,blame.army,available,17.48,48.98,high,low,5,namecheap,,,10/08/2026 12:37
c7aaea24-97e7-453d-b0ba-af1f18a09e3a,issue.army,available,17.48,48.98,high,low,5,namecheap,,,29/09/2026 11:12
034bf5bd-68d7-4231-b554-ae88be5d23ef,taurine.army,available,17.48,48.98,medium,low,7,namecheap,,,11/09/2026 09:15
780d4fbc-271d-4c13-8148-c5fe5a2d2673,alkali.army,available,18.99,39.99,high,low,6,namesilo,,,18/09/2026 08:16
f5f6eea8-ae39-4372-8cbf-7598353f695d,topped.army,available,17.48,48.98,medium,low,6,namecheap,,,11/09/2026 17:53
54d3186e-40be-4eb5-be4a-d2b7e85f8b47,unturned.army,available,17.48,48.98,medium,low,8,namecheap,,,12/09/2026 21:54
83817011-86ac-4e74-9b19-9396bd9af0ca,defied.army,available,18.99,39.99,medium,low,6,namesilo,,,02/10/2026 23:06
522798ae-2c7e-4061-8baa-7ed44cccbb62,hereby.army,available,17.48,48.98,medium,low,6,namecheap,,,15/09/2026 00:25
1380554e-e031-4113-bb5b-e1d41197cfc8,bottomless.army,available,17.48,48.98,high,low,10,namecheap,,,10/08/2026 21:21
f6f1fed8-1f6d-4d05-a53f-be8847c78f75,aspidistra.army,available,18.99,39.99,medium,low,10,namesilo,,,20/09/2026 15:15
c66d3e3d-f713-4805-94e6-e47f14700bb6,nett.army,available,17.48,48.98,medium,low,4,namecheap,,,03/09/2026 15:52
84712a54-b932-4889-9cae-96b1a1e5919b,changeover.army,available,19.99,,medium,low,11,name.com,,,
a2ae58ba-064f-4857-b04b-1cf4e540d022,perceval.army,available,30.2,30.2,high,low,8,cloudflare,,,03/10/2026 03:56
0d41a799-efc8-4da2-b497-8ddccd5a6d58,privily.army,available,17.48,48.98,medium,low,7,namecheap,,,15/09/2026 21:31
c7c7e6e3-e3d4-4d40-a9d6-fc9337177e45,polydactyl.army,available,17.48,48.98,medium,low,10,namecheap,,,08/09/2026 23:13
83e2ccc9-11c3-447b-b3b9-67a8501c87af,rollers.army,available,10.92,32.21,medium,low,7,dynadot,,,30/09/2026 16:24
c1434067-981b-408e-a4f5-bc8b0bb1dd2c,brighten.army,available,30.2,30.2,high,low,8,cloudflare,,,30/09/2026 16:33
b4d1b547-f275-4a3f-af3e-74e9d8019b3c,difficulty.army,available,18.99,39.99,high,low,10,namesilo,,,29/09/2026 14:54
4267e2c3-2dde-4472-a65a-0f8765e5053b,sophia.army,available,18.99,39.99,high,low,6,namesilo,,,28/09/2026 07:06
111ce065-d8ba-4071-9070-da1f4e371fec,octal.army,available,17.48,48.98,medium,low,5,namecheap,,,04/09/2026 00:39
11ef3b72-e4f4-4faa-9827-0b0b5c0d6f4d,happier.army,available,18.99,39.99,high,low,7,namesilo,,,18/09/2026 06:17
c7656507-f629-41b7-a1d5-a32fa44caba6,glenn.army,available,17.48,48.98,high,low,5,namecheap,,,25/09/2026 06:35
81d8343e-3614-4890-babb-73c8c6b7d1f5,likable.army,available,17.48,48.98,high,low,7,namecheap,,,23/08/2026 06:14
1fdff635-023a-41ca-9a63-30f4ff1ae276,dock.army,available,18.99,39.99,high,low,4,namesilo,,,22/09/2026 23:34
c3c1942d-9c52-43d1-b247-d15eb49d0a5b,hopeful.army,available,18.99,39.99,high,low,7,namesilo,,,22/09/2026 09:48
ce817ff2-0de6-453d-9376-ccef2bebe248,descriptions.army,available,17.48,48.98,medium,low,12,namecheap,,,21/09/2026 07:06
822eda67-e9c2-4b77-904f-b6581c625d36,valid.army,available,15.73,31.25,high,low,5,spaceship,,,28/09/2026 10:05
cca47e16-19c3-4cea-b332-f9ae5bbe787f,tottenham.army,available,15.73,31.25,medium,low,9,spaceship,,,29/09/2026 22:19
07b0d116-3c19-444d-86f2-e2c9365cdee9,fervently.army,available,17.48,48.98,medium,low,9,namecheap,,,14/09/2026 18:24
b68c8903-abe9-4488-81f3-9afae41268a5,theodoric.army,available,15.73,31.25,medium,low,9,spaceship,,,03/10/2026 04:48
7b01da12-b74b-4002-92ae-5739c692c475,ige.army,available,18.99,39.99,medium,low,3,namesilo,,,01/10/2026 02:40
7cbb956c-5e81-4698-a507-2b2ce42c8588,downhill.army,available,17.48,48.98,medium,low,8,namecheap,,,13/08/2026 21:49
272f0700-29c6-4da9-b6f2-cc1567d086a8,moderne.army,available,17.48,48.98,medium,low,7,namecheap,,,25/08/2026 03:00
b4faa090-1023-4679-afaa-940f240852d5,twentieth.army,available,18.99,39.99,high,low,9,namesilo,,,21/09/2026 12:27
fc01ebf7-daa6-444c-8143-c003869c5298,nestling.army,available,17.48,48.98,high,low,8,namecheap,,,25/08/2026 00:18
0abf148e-2e3f-40a0-8929-a41d36362a0d,cecal.army,available,17.48,48.98,medium,low,5,namecheap,,,11/08/2026 12:54
7995b588-990c-497f-aca6-1a20abb27191,charlton.army,available,10.81,31.41,medium,low,8,porkbun,,,27/09/2026 19:17
595ceaf7-a58c-41f4-890d-cac3c69b2da9,tenderness.army,available,18.99,39.99,high,low,10,namesilo,,,17/09/2026 14:18
9664f59d-fbbf-43dd-8c57-021f1a349174,acceptance.army,available,18.99,39.99,high,low,10,namesilo,,,16/09/2026 22:01
0cc32ecb-6881-41d9-808d-1659b29665a5,ulysses.army,available,15.73,31.25,high,low,7,spaceship,,,30/09/2026 11:15
fa3fd853-76ca-4f17-8c29-d6ae78deae10,inhibit.army,available,15.73,31.25,high,low,7,spaceship,,,30/09/2026 16:14
0eb1b436-9f26-4032-ad60-1bbc76462a77,isbn.army,available,15.73,31.25,high,low,4,spaceship,,,30/09/2026 21:36
e65e4237-0a62-4a5d-94bb-a6ba2d44d2e1,blackfoot.army,available,18.99,39.99,medium,low,9,namesilo,,,24/09/2026 02:17
b2acdd1a-72bc-4879-8c62-533d07f94243,alidade.army,available,18.99,39.99,medium,low,7,namesilo,,,18/09/2026 07:31
608fabba-2c88-44a9-be09-ed549ed4df38,mer.army,available,18.99,39.99,high,low,3,namesilo,,,03/10/2026 02:36
24f36b9a-555f-48ad-bc8d-cc137d12b1f2,mentation.army,available,17.48,48.98,medium,low,9,namecheap,,,11/09/2026 13:33
bcad095e-dd80-4415-90fa-22359ad576b3,tits.army,available,15.73,31.25,high,low,4,spaceship,,,29/09/2026 21:14
777405d6-3458-4426-aa60-0e9f44c76738,recognise.army,available,17.5,,high,low,9,unstoppable,,,28/09/2026 06:55
30f4aec2-2357-40fd-aa4f-49a8d3d58a4b,martyrs.army,available,18.99,39.99,medium,low,7,namesilo,,,30/09/2026 15:31
43b528c0-16fb-41c7-8c2c-3a46386d6dc9,fragment.army,available,10.92,32.21,high,low,8,dynadot,,,28/09/2026 19:15
d758a455-3d4b-48ee-aa41-7912894016bf,unsworn.army,available,17.48,48.98,medium,low,7,namecheap,,,12/09/2026 20:53
a2083096-8afe-41ee-9824-fa75612cf397,beginnings.army,available,17.5,,medium,low,10,unstoppable,,,30/09/2026 00:17
5641cd9f-5ce2-4b60-9624-feccdeb9f2d6,macau.army,available,10.92,32.21,high,low,5,dynadot,,,29/09/2026 01:37
1b805a28-2204-4390-bb1a-671988dc54e1,mcmahon.army,available,18.99,39.99,medium,low,7,namesilo,,,25/09/2026 21:50
a016e9fe-e759-42a5-b925-adfb23d96728,macdougall.army,available,15.73,31.25,medium,low,10,spaceship,,,02/10/2026 21:57
387bf17a-96f6-47e2-ac34-a806add235c7,aken.army,available,18.99,39.99,medium,low,4,namesilo,,,16/09/2026 13:08
462f189f-c7d7-49b4-b53e-075f59231c66,carew.army,available,18.99,39.99,medium,low,5,namesilo,,,30/09/2026 00:59
44e80e2c-59b3-447b-8b17-0ed1366d42ec,inwardly.army,available,17.48,48.98,medium,low,8,namecheap,,,15/09/2026 09:18
72493e29-4b04-4e5d-b380-26d3bad1bbdc,davison.army,available,15.73,31.25,high,low,7,spaceship,,,28/09/2026 04:10
cadd9cee-b700-426e-84d9-25178fff26a1,natty.army,available,19.99,50.99,medium,low,5,name.com,,,13/08/2026 17:29
5e6b7a78-71f8-45f9-bed9-7df286bfd5c4,members.army,available,18.99,39.99,medium,low,7,namesilo,,,25/09/2026 17:16
69bd7e71-1543-418c-afe0-1484db727703,vibrant.army,available,17.48,48.98,high,low,7,namecheap,,,13/09/2026 05:05
6af9e9da-be10-4a97-8278-5b2dd60d2ea2,conditionally.army,available,18.99,39.99,medium,low,13,namesilo,,,29/09/2026 14:42
2e3fb2c0-cfdc-4106-bb57-6b6612c3ba84,sepaline.army,available,17.48,48.98,medium,low,8,namecheap,,,10/09/2026 03:55
2ee9ffe1-b308-4134-b896-b477adc12736,revealed.army,available,15.73,31.25,high,low,8,spaceship,,,27/09/2026 22:35
f5c9eacd-7142-4a76-ac22-b12686dc6ae2,allophone.army,available,18.99,39.99,medium,low,9,namesilo,,,18/09/2026 12:02
ab7c50f9-36b2-4bc3-a1a2-ed674a408a41,atlanta.army,premium,250,250,high,low,7,name.com,,,20/09/2026 21:31
c2eacf20-51dd-4aa0-9486-4baa3a18d603,adsorption.army,available,17.48,48.98,medium,low,10,namecheap,,,17/09/2026 10:05
5cb48594-e076-4660-a34a-250f111aef54,soaking.army,available,17.48,48.98,medium,low,7,namecheap,,,14/09/2026 14:28
9e1f5e96-787b-4c2b-a993-54bdd6cd1827,bootless.army,available,17.48,48.98,medium,low,8,namecheap,,,10/08/2026 19:37
3760a8e8-7f78-45cb-be61-b8d83dba7d8c,rheumatism.army,available,17.48,48.98,medium,low,10,namecheap,,,21/09/2026 00:56
aa0ad240-006a-402a-8c18-7aae1d03c07d,continuing.army,available,18.99,39.99,high,low,10,namesilo,,,23/09/2026 22:17
852b891f-e843-44a0-9a38-813b8b89a842,flagging.army,available,17.48,48.98,medium,low,8,namecheap,,,14/08/2026 19:41
a2c0de30-9fec-4695-bdcc-f3fba8456dc8,sickish.army,available,17.48,48.98,low,low,7,namecheap,,,03/09/2026 14:05
ab2f23e7-a4c4-47f5-9595-b7471ac433ab,pascal.army,available,17.48,48.98,high,low,6,namecheap,,,24/09/2026 03:44
bed29ff1-8941-4a14-bf1a-90424a17b222,exclaims.army,available,18.99,39.99,medium,low,8,namesilo,,,19/09/2026 23:36
100ec0b4-221d-4eb0-824a-e737d75eb778,blear.army,available,17.48,48.98,medium,low,5,namecheap,,,10/08/2026 14:01
7cd19668-0d65-4c34-87ec-dbecc0e6fcad,manpower.army,available,18.99,39.99,high,low,8,namesilo,,,28/09/2026 14:49
a070a26c-0c01-4f71-805a-a6fefe481b9e,coordinating.army,available,17.5,,medium,low,12,unstoppable,,,30/09/2026 07:45
aff23c56-71f8-45dd-89af-3a83f59e344e,castle.army,available,18.99,39.99,high,low,6,namesilo,,,25/09/2026 04:06
38d84a9e-8107-47e7-8ce5-b1b41251139c,bowels.army,available,18.99,39.99,medium,low,6,namesilo,,,01/10/2026 18:47
10ecd6b2-f64c-48df-b05f-8583d4af7694,rivalry.army,available,30.2,30.2,high,low,7,cloudflare,,,29/09/2026 20:12
c67288da-9b0d-4a27-966d-142da22a0546,assassination.army,available,18.99,39.99,medium,low,13,namesilo,,,28/09/2026 11:16
0ffc980a-4bd5-4f38-a7cc-f7fb91005900,billed.army,available,17.48,48.98,high,low,6,namecheap,,,09/08/2026 21:23
11236da9-bd1c-4241-a3ba-a787a5cc7e16,tangle.army,available,17.48,48.98,high,low,6,namecheap,,,25/09/2026 17:42
4af36a75-96c5-4943-b839-afec0ac53c41,selling.army,available,18.99,39.99,high,low,7,namesilo,,,25/09/2026 09:15
8d994087-385a-4f97-b19b-41372e2669bd,regarded.army,available,10.81,31.41,high,low,8,porkbun,,,01/10/2026 19:17
6f71f042-1a45-4fab-ba1d-b66d046ee514,bedsore.army,available,18.99,39.99,medium,low,7,namesilo,,,22/09/2026 23:40
9c38ef8e-95a6-4cdb-b3a3-c15800592236,mush.army,available,15.73,31.25,high,low,4,spaceship,,,02/10/2026 04:27
51944ca9-3ea5-4863-a893-7b7e2fc68d59,describing.army,available,15.73,31.25,low,low,10,spaceship,,,29/09/2026 04:44
25a35c63-e52c-4e44-b73a-790fac26368e,cucumbers.army,available,18.99,39.99,medium,low,9,namesilo,,,20/09/2026 10:05
639de115-471f-4663-a048-c33447e8101f,sectors.army,available,10.92,32.21,medium,low,7,dynadot,,,01/10/2026 17:50
b73b7be6-4cee-4833-8cdb-63dfeaad1272,lacks.army,available,30.2,30.2,low,low,5,cloudflare,,,29/09/2026 10:48
bcc438f2-336a-4010-a293-da2552aeacc8,sophistic.army,available,17.48,48.98,medium,low,9,namecheap,,,10/09/2026 14:15
9521f798-2a44-4646-8dae-1809d64fc778,cannot.army,available,10.92,32.21,high,low,6,dynadot,,,01/10/2026 01:49
d7eb2207-8e51-47b2-ae70-b8a4bed2974d,msc.army,available,18.99,39.99,high,low,3,namesilo,,,27/09/2026 04:42
e1333ffd-7395-4205-bf6e-b7e9dd01c3b1,slender.army,available,17.48,48.98,high,low,7,namecheap,,,24/08/2026 01:14
0bfc5275-6643-4fdb-b38a-cf6e5adb5e25,exhaustive.army,available,17.48,48.98,medium,low,10,namecheap,,,17/08/2026 17:08
45da4267-04af-4bed-b27d-437b60d6a3cb,defile.army,available,17.48,48.98,medium,low,6,namecheap,,,24/08/2026 12:53
452a3baa-f1b0-42c5-b088-f243bbc5a436,chartreuse.army,available,17.48,48.98,medium,low,10,namecheap,,,12/08/2026 02:57
ac68f158-9e47-4d33-95d8-418c32d4fbb3,afterward.army,available,17.48,48.98,medium,low,9,namecheap,,,
8086ce38-a525-4169-a2be-464c915c5ba4,gobs.army,available,17.48,48.98,high,low,4,namecheap,,,14/09/2026 23:34
9ba0da44-487f-4ed1-ba3d-adaa01d10a23,sophomore.army,available,17.48,48.98,high,low,9,namecheap,,,10/09/2026 14:17
af5f8946-d06f-475a-8493-63bad63d744e,dulles.army,available,18.99,39.99,medium,low,6,namesilo,,,28/09/2026 13:55
851fc348-eca7-45b4-b4f3-f536e597561a,simony.army,available,18.99,39.99,medium,low,6,namesilo,,,22/09/2026 08:05
49c3496c-accb-47cf-8e50-d5321da97949,pluperfect.army,available,17.48,48.98,medium,low,10,namecheap,,,08/09/2026 22:00
3a032d27-d595-412f-8226-64b17cf3a0d8,jinnah.army,available,18.99,39.99,medium,low,6,namesilo,,,02/10/2026 15:52
65e91233-c45c-4c07-a907-d36a1e8bd485,abor.army,available,17.48,48.98,medium,low,4,namecheap,,,16/09/2026 16:36
405bd2ad-b323-4285-9116-3458150852e3,nefarious.army,available,17.48,48.98,medium,low,9,namecheap,,,03/09/2026 14:57
a4243957-5178-42d9-b80d-98e1c83a72a5,hartman.army,available,18.99,39.99,high,low,7,namesilo,,,28/09/2026 00:35
12c9e014-ca44-4e3c-a8c1-e1f4f47bc3a1,bpm.army,available,18.99,39.99,high,low,3,namesilo,,,22/09/2026 21:53
1efb8b98-6fbe-413f-ac57-d99f9cdd00ad,iglesias.army,available,18.99,39.99,medium,low,8,namesilo,,,30/09/2026 17:40
db8b838e-d7df-49fa-a60c-19ff0f5f4862,khomeini.army,available,18.99,39.99,medium,low,8,namesilo,,,21/09/2026 10:36
0bc496e4-2a85-4161-9107-7234fa81a8f3,happen.army,available,18.99,39.99,high,low,6,namesilo,,,25/09/2026 06:00
01f5151f-dccd-454e-9394-0c5345a05c71,adeline.army,available,15.73,31.25,high,low,7,spaceship,,,30/09/2026 21:11
f7aff726-ea8a-4324-a0fd-c5f5c4d26588,airflow.army,available,18.99,39.99,high,low,7,namesilo,,,17/09/2026 22:13
2f723965-2a7b-4a9d-b300-60f4b612888e,protocol.army,available,18.99,39.99,high,low,8,namesilo,,,24/09/2026 16:37
00e9b9d3-25bf-454c-9dab-9d50948427d8,stripes.army,available,18.99,39.99,high,low,7,namesilo,,,24/09/2026 14:23
8e3dda04-6fdb-4cf8-9532-97d2e990b8c8,almoner.army,available,17.48,48.98,medium,low,7,namecheap,,,18/09/2026 12:40
51d7135d-2e67-42c8-83d5-6dd5fe283025,dilute.army,available,17.48,48.98,high,low,6,namecheap,,,
941e7b94-8b07-4a25-bec0-3556a7950f8a,journeys.army,available,15.73,31.25,medium,low,8,spaceship,,,01/10/2026 17:43
5e4adc3b-ef77-43b9-9ddf-461815a11ae8,bargain.army,available,18.99,39.99,high,low,7,namesilo,,,29/09/2026 01:09
c2f9f904-cdf7-4581-b26d-27e787860ae3,pneumonia.army,available,30.2,30.2,high,low,9,cloudflare,,,28/09/2026 06:36
6a5e407e-050b-46bb-a46e-022ea10bac6c,sheets.army,available,18.99,39.99,medium,low,6,namesilo,,,27/09/2026 02:20
f5b2a4e8-827c-433b-8bbf-33254ab3f8a4,soused.army,available,17.48,48.98,low,low,6,namecheap,,,09/08/2026 16:07
9388610f-f4ba-4ce0-8c64-7a34d2d8af7e,overturned.army,available,17.48,48.98,medium,low,10,namecheap,,,04/09/2026 21:55
ce8d2345-bfe6-4420-87a5-9c707d97981e,severely.army,available,30.2,30.2,medium,low,8,cloudflare,,,28/09/2026 13:15
5321b317-85fa-4e4a-88c2-8250e2526ffa,billie.army,available,17.5,,medium,low,6,unstoppable,,,28/09/2026 07:55
ca80a21d-c923-4f89-bc04-6029bda3edfa,novi.army,available,10.92,32.21,high,low,4,dynadot,,,28/09/2026 21:12
cbe44386-9e25-4dee-a41c-8641fd4ed5b6,cem.army,available,18.99,39.99,high,low,3,namesilo,,,01/10/2026 06:08
e12beac8-6455-4b19-b1da-0a2e90eca593,nei.army,available,15.73,31.25,medium,low,3,spaceship,,,01/10/2026 23:49
307de75f-979d-4e70-9ba0-e5022c4e9887,sluggish.army,available,17.48,48.98,medium,low,8,namecheap,,,10/09/2026 11:29
ee9a2871-daf0-4e92-b8a0-ab4c8aacf84e,blithesome.army,available,17.48,48.98,medium,low,10,namecheap,,,10/08/2026 14:39
cabf8a94-0aa8-4ad6-b940-62fd6740b22b,buzz.army,available,18.99,39.99,high,low,4,namesilo,,,25/09/2026 00:26
1318071c-26b0-445a-9f87-e755f4287551,material.army,available,18.99,39.99,high,low,8,namesilo,,,30/09/2026 23:30
3debef4d-e265-442f-b4bd-40c6fa7bae59,humbert.army,available,15.73,31.25,medium,low,7,spaceship,,,02/10/2026 00:25
5cac4e14-5b6d-4e71-bb8d-2deede4dad0f,production.army,available,17.48,48.98,high,low,10,namecheap,,,19/09/2026 18:56
7ecaafe1-7821-4fad-b236-4b3b6a7dca53,fruitful.army,available,17.48,48.98,high,low,8,namecheap,,,18/08/2026 17:02
e4f00596-29eb-4bea-a309-46ddd7ec0328,tactically.army,available,17.48,48.98,high,low,10,namecheap,,,16/09/2026 07:46
716fddc5-1758-47de-878d-9d4faeffc69c,sympathetic.army,available,30.2,30.2,high,low,11,cloudflare,,,01/10/2026 13:30
d8589268-b61a-4477-b17a-0f0dc235325f,sending.army,available,18.99,39.99,high,low,7,namesilo,,,25/09/2026 10:37
768e71dc-d6fe-450d-84da-a364b9b095c2,bairn.army,available,17.48,48.98,medium,low,5,namecheap,,,21/09/2026 19:31
481e74d8-5874-4dfc-a686-d3a776f853b3,overcast.army,available,17.48,48.98,high,low,8,namecheap,,,12/08/2026 12:29
9a4f5c45-07e3-4daf-8bf9-af4f0d08becd,bowfin.army,available,17.48,48.98,medium,low,6,namecheap,,,18/09/2026 21:19
66b17a5e-bc79-4455-9135-35697cfdee3b,splurge.army,available,17.48,48.98,high,low,7,namecheap,,,23/09/2026 17:20
3272b5b3-e04f-4a3b-9a3a-145bd83eba0e,criminal.army,available,17.48,48.98,high,low,8,namecheap,,,23/09/2026 19:22
ba908130-48bd-4d2d-8807-3c3a271a74cc,starlit.army,available,17.48,48.98,medium,low,7,namecheap,,,10/09/2026 18:56
585f6260-9513-43a0-abad-f3ff2f063cdb,patriots.army,premium,72.6,72.6,high,low,8,dynadot,,,29/09/2026 17:47
66b91002-3163-44d0-8cc7-1bf0a4a0ef50,tsh.army,available,15.73,31.25,high,low,3,spaceship,,,03/10/2026 02:15
fef2a3ee-7e87-443f-ae0a-7151160b845a,gush.army,available,17.48,48.98,high,low,4,namecheap,,,22/08/2026 13:07
9674998f-7442-4837-8139-d9442a8a302e,roundly.army,available,17.48,48.98,medium,low,7,namecheap,,,14/09/2026 00:45
59fc655d-18e3-4b85-a61d-f9ff0ad5a0d2,saccade.army,available,17.48,48.98,medium,low,7,namecheap,,,22/08/2026 12:47
cd2fd68a-c053-4ea7-b131-d36e0c3b4460,ellis.army,available,17.48,48.98,high,low,5,namecheap,,,25/09/2026 20:56
0465ab6e-1ed1-41d5-b977-2fc9d914fe8a,biff.army,available,18.99,39.99,high,low,4,namesilo,,,23/09/2026 13:51
c2f208a6-25f7-43a1-8579-64490a9f1c91,scabby.army,available,17.48,48.98,medium,low,6,namecheap,,,09/09/2026 22:13
61d2d122-9f58-42c5-a137-9185b3d647aa,rory.army,available,18.99,39.99,high,low,4,namesilo,,,28/09/2026 03:38
110a8dd7-7bce-4a48-80af-2451d1c4ce7f,mothafucker.army,available,18.99,39.99,medium,low,11,namesilo,,,02/10/2026 05:20
6b6db7a6-7eb5-4ce0-b2f7-041583e877b7,bascule.army,available,18.99,39.99,medium,low,7,namesilo,,,22/09/2026 09:54
f25bb260-1d15-45f0-a847-9a014ab2c7d5,gaynor.army,available,17.5,,medium,low,6,unstoppable,,,02/10/2026 00:11
28af0046-99b6-4b03-9647-868c3034bae3,perky.army,available,17.48,48.98,high,low,5,namecheap,,,08/09/2026 17:33
147bbde7-5b91-443f-a78f-9c09322a6a83,caught.army,available,19.99,,high,low,6,name.com,,,
59ebf81a-c58d-45e1-b58d-5bb7cbf6c990,stoolie.army,available,17.48,48.98,medium,low,7,namecheap,,,11/08/2026 16:46
c9dfda94-d3ff-4c2e-b598-7cbcb721fd7a,sharps.army,available,18.99,39.99,medium,low,6,namesilo,,,20/09/2026 09:14
b657d468-6775-4fb1-9eb3-805cbe24ee1b,annandale.army,available,18.99,39.99,medium,low,9,namesilo,,,02/10/2026 10:51
cd7101b6-7565-4ad8-8336-ed672971a955,body.army,available,18.99,39.99,high,low,4,namesilo,,,24/09/2026 06:32
e6353146-94bf-4b65-b8db-c947ccc9c60d,craftsman.army,available,17.48,48.98,high,low,9,namecheap,,,20/09/2026 11:49
68d7b73d-79a6-4080-b0a0-dbc87950bf88,month.army,available,17.48,48.98,high,low,5,namecheap,,,29/09/2026 05:48
114a0072-6cfc-441b-888d-a503051a058f,paved.army,available,17.48,48.98,high,low,5,namecheap,,,08/09/2026 10:53
30100f34-8869-497c-9226-215aee6f6147,contact.army,available,10.92,32.21,high,medium,7,dynadot,,,28/09/2026 01:41
3c5716e4-2185-485a-8994-c8045bd470f4,apothecium.army,available,18.99,39.99,medium,low,10,namesilo,,,19/09/2026 19:43
b250990a-0068-46c4-811f-5a84abc417fa,drawn.army,available,18.99,39.99,high,low,5,namesilo,,,23/09/2026 12:57
a3d71ee9-dcfa-4d2f-b5d7-29c78b23e462,dolomitic.army,available,17.48,48.98,medium,low,9,namecheap,,,14/08/2026 15:28
37a69c00-ee15-4007-a1dd-12e2d0caf630,cristobal.army,available,30.2,30.2,medium,low,9,cloudflare,,,30/09/2026 20:55
bf9a83d7-2063-49f8-b790-15f7cc0da74f,bihar.army,available,18.99,39.99,high,low,5,namesilo,,,23/09/2026 15:31
9f3255d6-16e2-4312-ae6a-1da632f99b88,bumpkin.army,available,17.48,48.98,medium,low,7,namecheap,,,21/08/2026 08:07
a0525720-5ef2-49be-a3c4-1089491ab013,anxiously.army,available,17.48,48.98,medium,low,9,namecheap,,,13/09/2026 20:05
b312f82e-d715-4bed-a4d9-b4317820873c,andiron.army,available,18.99,39.99,medium,low,7,namesilo,,,19/09/2026 04:06
e7253439-3c02-42ef-a8e1-1f89720624f3,orne.army,available,18.99,39.99,medium,low,4,namesilo,,,02/10/2026 11:39
17d53151-8df9-4215-957f-b35d413127ba,pristine.army,available,18.99,39.99,high,low,8,namesilo,,,27/09/2026 06:11
3d030831-92fa-4fe3-a764-1523c8bc95c7,corral.army,available,18.99,39.99,high,low,6,namesilo,,,02/10/2026 14:36
72a6d5ec-c251-4cba-9a4e-d314f7eb74d7,vehicles.army,available,18.99,39.99,medium,low,8,namesilo,,,16/09/2026 11:23
117c5ae6-24de-4619-86d1-fa728343f88a,volcano.army,available,15.73,31.25,high,low,7,spaceship,,,30/09/2026 14:35
61e8a026-98b3-44fd-858f-eb3514b0d84a,bigarade.army,available,18.99,39.99,medium,low,8,namesilo,,,23/09/2026 15:03
91c81c22-bbfb-43a1-9a3b-952912bee1b8,rem.army,available,17.48,48.98,high,low,3,namecheap,,,01/10/2026 03:15
206813b6-9d1c-481b-9aae-956cb00543b9,boasting.army,available,15.73,31.25,medium,low,8,spaceship,,,02/10/2026 04:07
81f542fc-8f4c-4978-9463-d089b5f2f305,sits.army,available,18.99,39.99,medium,low,4,namesilo,,,17/09/2026 03:03
73865fb5-1866-448d-b436-039732e7fd1e,leeward.army,available,17.48,48.98,medium,low,7,namecheap,,,22/08/2026 22:34
e7c73f41-4603-4f53-802a-4ebc9d265b37,stepmother.army,available,18.99,39.99,high,low,10,namesilo,,,30/09/2026 11:59
09229f03-6ac8-42a9-8c87-c8b6a289e121,blench.army,available,17.48,48.98,medium,low,6,namecheap,,,04/09/2026 23:29
3a44e223-c59f-4aef-94bc-fc5927d23615,criticize.army,available,17.5,,high,low,9,unstoppable,,,30/09/2026 18:07
f427ca32-4c1f-46f4-87f9-ba81c653c801,esoteric.army,available,17.48,48.98,high,low,8,namecheap,,,17/08/2026 13:17
e4268290-011b-4fbe-98a3-7e97988ade61,trice.army,available,17.48,48.98,medium,low,5,namecheap,,,22/08/2026 07:32
54d50dce-5d52-414e-82f9-3c9915ec065c,benson.army,available,18.99,39.99,high,low,6,namesilo,,,25/09/2026 15:16
92d87631-23af-4885-9304-e79df8c4683f,baseborn.army,available,17.48,48.98,low,low,8,namecheap,,,08/08/2026 21:34
710bedbb-de4f-4626-a068-45ee7121739d,displaying.army,available,10.92,32.21,medium,low,10,dynadot,,,01/10/2026 16:09
23847c38-9e3c-43e7-8121-2e1d38614fd5,throb.army,available,17.48,48.98,medium,low,5,namecheap,,,11/09/2026 14:49
41ff6100-73c0-4a56-af0e-37b5868f0b85,empyrean.army,available,17.48,48.98,medium,low,8,namecheap,,,16/08/2026 20:51
3c188104-e42e-427d-8933-c3f6ede1f9f9,lang.army,available,18.99,39.99,high,low,4,namesilo,,,01/10/2026 04:56
b3a03b90-40c8-4edf-81c7-c1356aa7a4fb,sorrel.army,available,17.48,48.98,medium,low,6,namecheap,,,11/08/2026 06:31
7a83312d-4d99-497a-b725-a7269c9a6433,optimistic.army,available,17.48,48.98,high,low,10,namecheap,,,04/09/2026 17:07
0825c7a0-73a6-4982-95e6-f1c46fa1de8b,oxidation.army,available,15.73,31.25,high,low,9,spaceship,,,03/10/2026 01:45
05c882ff-72fa-48ec-a350-7e3b07f8d7f5,unshaded.army,available,17.48,48.98,medium,low,8,namecheap,,,12/09/2026 19:27
31514ab3-ece0-4066-84f3-ac3ca3d5a4d4,referees.army,available,18.99,39.99,medium,low,8,namesilo,,,20/09/2026 11:54
e3cbac05-bc76-43ba-9a7b-1d6c7e91a5e3,worldwide.army,premium,71.4,71.4,high,medium,9,namesilo,,,29/09/2026 10:14
ba5f520f-1bc5-4df7-aab6-ccf8054f36f8,vigorous.army,available,17.48,48.98,high,low,8,namecheap,,,13/09/2026 05:44
0be6320e-31f4-4fc7-92b2-e05502b9f2bb,hereabout.army,available,17.48,48.98,medium,low,9,namecheap,,,15/09/2026 00:18
5d20761c-2015-41dd-93df-9190ecac005b,fate.army,available,17.5,,high,low,4,unstoppable,,,29/09/2026 09:19
7f7cb147-e23a-4066-a0bd-848182a6f806,oversewn.army,available,17.48,48.98,medium,low,8,namecheap,,,04/09/2026 21:48
c5fca4e9-d144-4af1-8663-bed10355cfab,splenic.army,available,19.99,50.99,medium,low,7,name.com,,,23/08/2026 01:27
022e9beb-3a64-44a1-8cbf-e38ebaad54af,conform.army,available,15.73,31.25,high,low,7,spaceship,,,30/09/2026 17:47
226cc993-06b5-4c55-8d1d-5845ae687076,fantasm.army,available,17.48,48.98,medium,low,7,namecheap,,,08/09/2026 18:39
f31cbe55-1e62-4c89-a4b2-5d1da42d1dbc,informal.army,available,17.48,48.98,high,low,8,namecheap,,,25/09/2026 09:31
affb38c5-6908-4988-be3e-1b2f23a2ad61,windsock.army,available,17.48,48.98,medium,low,8,namecheap,,,17/09/2026 21:40
4e01478a-959d-4e5f-bc31-11825da981c9,airports.army,available,10.81,31.41,medium,low,8,porkbun,,,30/09/2026 00:31
544a1188-0c74-420e-aa61-fdd1f6dc38d1,depressant.army,available,17.48,48.98,medium,low,10,namecheap,,,14/08/2026 02:39
6a42b0c5-3acd-47a6-8e87-82b95d272090,motorized.army,available,17.48,48.98,high,low,9,namecheap,,,24/08/2026 18:45
938d7de6-bffb-409d-9c43-4c2982b0e511,partido.army,available,30.2,30.2,high,low,7,cloudflare,,,29/09/2026 08:45
c3cf23c2-1c7a-40ea-b400-1df9aca8b854,curtains.army,available,17.48,48.98,medium,low,8,namecheap,,,28/09/2026 23:24
9205e57d-40f9-4a75-bb7e-1740c7650aec,urinate.army,available,17.48,48.98,medium,low,7,namecheap,,,13/09/2026 09:41
e160d7f3-4388-4e31-ab61-9face81cdacc,liverpool.army,available,18.99,39.99,high,low,9,namesilo,,,29/09/2026 07:29
a04ac82c-a7b5-476c-85b5-f98bf387fcb0,dialectal.army,available,17.48,48.98,medium,low,9,namecheap,,,14/08/2026 05:48
1f9b7383-668f-4133-b457-010c801a603a,cultures.army,available,30.2,30.2,medium,low,8,cloudflare,,,28/09/2026 23:32
1517bb3a-0576-470b-b699-716ff3e89192,loneliness.army,available,18.99,39.99,high,low,10,namesilo,,,18/09/2026 13:13
9a9a616a-cba7-41a7-a563-d7f931368043,objects.army,available,18.99,39.99,medium,low,7,namesilo,,,02/10/2026 16:26
fc79e849-5d27-4bbb-9001-b3dc22aa082a,ornament.army,available,10.92,32.21,high,low,8,dynadot,,,30/09/2026 09:20
82542d32-1bf2-46a5-9414-2069cfc2f801,random.army,available,18.99,39.99,high,medium,6,namesilo,,,19/09/2026 11:18
c0776f49-bf40-4c13-a1d4-afcbb4de4359,road.army,available,15.73,31.25,high,low,4,spaceship,,,30/09/2026 10:19
a2facfd2-f246-463c-99fb-b6585f05ecb5,saves.army,available,18.99,39.99,medium,low,5,namesilo,,,28/09/2026 09:04
2d525ab7-5f78-468d-a516-b335a7abf19c,viewpoint.army,available,17.5,,high,low,9,unstoppable,,,29/09/2026 20:00
a1c75b5b-74bb-4374-8661-06c3ec600ba7,shagged.army,available,17.48,48.98,medium,low,7,namecheap,,,10/09/2026 05:30
35d73603-eb01-4229-bb7c-be2aa16361c5,gamely.army,available,17.48,48.98,medium,low,6,namecheap,,,14/09/2026 21:02
ee105707-cb15-45af-bc68-5460bfc0ead0,allocator.army,available,18.99,39.99,high,low,9,namesilo,,,18/09/2026 11:47
41d15068-c69c-42df-bc59-fe753308c7d6,woodward.army,available,30.2,30.2,medium,low,8,cloudflare,,,29/09/2026 06:07
b979bf3c-9f42-441d-b061-eb93c6969578,bezzant.army,available,18.99,39.99,low,low,7,namesilo,,,23/09/2026 12:17
72614dfd-fc4e-462c-a590-366981d5bed0,adaptor.army,available,18.99,39.99,high,low,7,namesilo,,,17/09/2026 06:32
6312a011-0dc7-4d85-b67d-1d336bb61945,longevity.army,available,18.99,39.99,high,medium,9,namesilo,,,01/10/2026 02:52
74205063-b6fe-477f-8a6d-67d9da578439,contraction.army,available,18.99,39.99,high,low,11,namesilo,,,29/09/2026 10:10
2bca29a1-be43-4232-a942-db24ea7d56ec,twits.army,available,18.99,39.99,low,low,5,namesilo,,,21/09/2026 06:16
8fd724d0-185a-4e4b-8935-456ae7f11c09,pouch.army,available,18.99,39.99,high,low,5,namesilo,,,24/09/2026 11:07
a3b7ef51-0f0c-4a1e-a526-6cb1cb4a11e0,poetically.army,available,17.48,48.98,medium,low,10,namecheap,,,15/09/2026 20:51
ba7e6cf3-fa9c-4db9-bfe7-20695f6161fa,bari.army,available,17.48,48.98,high,low,4,namecheap,,,22/09/2026 05:51
6fe1c208-0f1e-490f-bb67-f0edf5bc93ff,alyssum.army,available,18.99,39.99,medium,low,7,namesilo,,,18/09/2026 15:23
fdd1e7b0-f3fd-4536-a61e-c61935650327,shroud.army,available,17.5,,high,low,6,unstoppable,,,02/10/2026 14:37
951807b8-fed6-428e-a45e-b725a4bcaa19,transplant.army,available,22.99,65.99,high,low,10,godaddy,,,28/09/2026 02:03
40c71dc4-01f5-4475-a545-4454b5f53a71,assouan.army,available,18.99,39.99,medium,low,7,namesilo,,,20/09/2026 16:37
14cf2bfc-e7a7-42f5-a524-1f6fa7ca18cf,aleksandr.army,available,15.73,31.25,medium,low,9,spaceship,,,28/09/2026 08:00
2cf1e548-140f-4d05-9c52-87efe5b601ce,elect.army,available,17.48,48.98,high,low,5,namecheap,,,16/08/2026 02:30
22bc27b0-7536-4fce-8dc6-a721100b8fad,renowned.army,available,17.48,48.98,high,low,8,namecheap,,,11/08/2026 23:18
ee176cd3-2f47-4638-8819-1157ba6c0a28,elfish.army,available,17.48,48.98,medium,low,6,namecheap,,,16/08/2026 03:41
4425d544-91f8-445c-aec9-3b70e96ddf5e,came.army,available,30.2,30.2,high,low,4,cloudflare,,,30/09/2026 22:36
a7e8c314-e621-43e0-b21e-756a97e55eae,condensation.army,available,17.5,,medium,low,12,unstoppable,,,01/10/2026 13:08
2f0521d7-d028-4a49-87ea-2915622c61cc,chicks.army,available,18.99,39.99,medium,low,6,namesilo,,,20/09/2026 03:49
5171bbf5-1241-4958-b140-03d93ed95b08,acquitted.army,available,17.48,48.98,high,low,9,namecheap,,,
0d30b888-3312-4d49-ad3f-3746c43c1503,thoughtless.army,available,10.81,31.41,medium,low,11,porkbun,,,01/10/2026 08:10
f4b0e69e-cedc-470a-b5b1-0e20670583f0,discredit.army,available,15.73,31.25,high,low,9,spaceship,,,29/09/2026 15:37
eb3eca3b-b1fa-446b-aec7-b2a6916b7eb6,ashe.army,available,17.48,48.98,high,low,4,namecheap,,,20/09/2026 10:46
09fc7c6a-7ebd-44dd-bbf5-0a2089181852,lighten.army,available,17.5,,high,low,7,unstoppable,,,30/09/2026 16:34
f2e00861-0e44-4a11-a407-2d988c0daa92,jolt.army,available,18.99,39.99,high,low,4,namesilo,,,25/09/2026 11:45
d9392ece-22c3-485d-8211-83bb029fe97a,friends.army,premium,854,854,high,medium,7,namesilo,,,02/10/2026 09:09
0a143de7-706b-4897-971e-b5c0edd5e833,fiddler.army,available,15.73,31.25,high,low,7,spaceship,,,01/10/2026 02:09
d3aa67e3-738e-4e65-8286-e2f7dc397500,undo.army,available,17.5,,high,low,4,unstoppable,,,29/09/2026 02:46
0392d0c6-5d07-41f8-bc25-1b8c3d92184a,moment.army,available,15.73,31.25,high,low,6,spaceship,,,29/09/2026 22:41
0ebfae75-f6d7-440f-88f6-f8a21172e73c,proficiency.army,available,19.99,,high,low,11,name.com,,,
ea08d172-d473-4991-8d53-0fb07a5fa50a,bellying.army,available,17.48,48.98,low,low,8,namecheap,,,09/08/2026 13:37
693053ad-f422-4e60-8a13-00653ce1cb8f,robyn.army,available,10.92,32.21,high,low,5,dynadot,,,29/09/2026 22:07
85d2a993-177a-4013-8c79-14f58dbeb468,ghastly.army,available,17.48,48.98,medium,low,7,namecheap,,,12/08/2026 02:39
3939af88-387f-4dc7-bb99-2f25ad2df9d5,commodore.army,available,15.73,31.25,high,low,9,spaceship,,,29/09/2026 11:55
ff306808-b8d5-44ac-b505-b7e69396b6e5,clearly.army,available,30.2,30.2,high,low,7,cloudflare,,,28/09/2026 13:55
b1990001-1846-4749-be87-4db3636d2b38,godhead.army,available,17.48,48.98,medium,low,7,namecheap,,,
19f76b73-d8a6-4d7b-9215-437400049b75,organ.army,available,30.2,30.2,high,low,5,cloudflare,,,29/09/2026 17:54
9ec19d98-7580-4253-a131-752b3362cc8d,heightened.army,available,10.92,32.21,high,low,10,dynadot,,,29/09/2026 21:14
7a0fcb01-63e1-4397-b100-24e62cbc0cf4,negligible.army,available,17.48,48.98,medium,low,10,namecheap,,,03/09/2026 15:08
502f25bd-4697-4655-96c3-69dc7748c0ae,wipes.army,available,18.99,39.99,medium,low,5,namesilo,,,20/09/2026 09:39
c020dd06-ff93-43d6-bdf1-cbe529d5273c,presidential.army,available,15.73,31.25,high,low,12,spaceship,,,27/09/2026 17:17
7f11156d-b04d-4860-a7ea-7e6bf0188400,dennison.army,available,17.5,,medium,low,8,unstoppable,,,30/09/2026 05:23
7137134e-345c-4c1f-be0e-6028cc17e361,realms.army,available,18.99,39.99,medium,low,6,namesilo,,,01/10/2026 17:43
a62ab8ac-7de5-482f-8695-2635a1088d5b,tactual.army,available,17.48,48.98,medium,low,7,namecheap,,,21/08/2026 00:04
502c998b-de48-4caa-a7ae-72de0e6d765c,sedans.army,available,18.99,39.99,medium,low,6,namesilo,,,19/09/2026 22:27
c52d89aa-78f1-479b-a429-f9966b9727c0,skaters.army,available,15.73,31.25,medium,low,7,spaceship,,,02/10/2026 13:55